filenames,disease
DSC_002.jpg,Bacterial_leaf_blight
DSC_003.JPG,Bacterial_leaf_blight
DSC_005.JPG,Bacterial_leaf_blight
DSC_006.JPG,Bacterial_leaf_blight
DSC_007.JPG,Bacterial_leaf_blight
DSC_008.JPG,Bacterial_leaf_blight
DSC_010.JPG,Bacterial_leaf_blight
DSC_012.JPG,Bacterial_leaf_blight
DSC_013.JPG,Bacterial_leaf_blight
DSC_014.JPG,Bacterial_leaf_blight
DSC_015.JPG,Bacterial_leaf_blight
DSC_017.JPG,Bacterial_leaf_blight
DSC_020.JPG,Bacterial_leaf_blight
DSC_021.JPG,Bacterial_leaf_blight
DSC_022.JPG,Bacterial_leaf_blight
DSC_023.JPG,Bacterial_leaf_blight
DSC_026.JPG,Bacterial_leaf_blight
DSC_027.JPG,Bacterial_leaf_blight
DSC_028.JPG,Bacterial_leaf_blight
DSC_030.JPG,Bacterial_leaf_blight
DSC_032.JPG,Bacterial_leaf_blight
DSC_034.JPG,Bacterial_leaf_blight
DSC_035.JPG,Bacterial_leaf_blight
DSC_036.JPG,Bacterial_leaf_blight
DSC_037.jpg,Bacterial_leaf_blight
DSC_039.jpg,Bacterial_leaf_blight
DSC_040.JPG,Bacterial_leaf_blight
DSC_0_0.jpg,Bacterial_leaf_blight
DSC_0_1002.jpg,Bacterial_leaf_blight
DSC_0_1026.jpg,Bacterial_leaf_blight
DSC_0_1028.jpg,Bacterial_leaf_blight
DSC_0_1055.jpg,Bacterial_leaf_blight
DSC_0_1060.jpg,Bacterial_leaf_blight
DSC_0_1113.jpg,Bacterial_leaf_blight
DSC_0_1128.jpg,Bacterial_leaf_blight
DSC_0_1141.jpg,Bacterial_leaf_blight
DSC_0_115.jpg,Bacterial_leaf_blight
DSC_0_1153.jpg,Bacterial_leaf_blight
DSC_0_1162.jpg,Bacterial_leaf_blight
DSC_0_1174.jpg,Bacterial_leaf_blight
DSC_0_1177.jpg,Bacterial_leaf_blight
DSC_0_1188.jpg,Bacterial_leaf_blight
DSC_0_1191.jpg,Bacterial_leaf_blight
DSC_0_1198.jpg,Bacterial_leaf_blight
DSC_0_12.jpg,Bacterial_leaf_blight
DSC_0_1201.jpg,Bacterial_leaf_blight
DSC_0_1205.jpg,Bacterial_leaf_blight
DSC_0_1208.jpg,Bacterial_leaf_blight
DSC_0_1211.jpg,Bacterial_leaf_blight
DSC_0_1216.jpg,Bacterial_leaf_blight
DSC_0_1239.jpg,Bacterial_leaf_blight
DSC_0_1245.jpg,Bacterial_leaf_blight
DSC_0_1246.jpg,Bacterial_leaf_blight
DSC_0_1258.jpg,Bacterial_leaf_blight
DSC_0_1266.jpg,Bacterial_leaf_blight
DSC_0_1275.jpg,Bacterial_leaf_blight
DSC_0_1283.jpg,Bacterial_leaf_blight
DSC_0_1285.jpg,Bacterial_leaf_blight
DSC_0_1293.jpg,Bacterial_leaf_blight
DSC_0_1295.jpg,Bacterial_leaf_blight
DSC_0_1302.jpg,Bacterial_leaf_blight
DSC_0_1316.jpg,Bacterial_leaf_blight
DSC_0_1328.jpg,Bacterial_leaf_blight
DSC_0_1341.jpg,Bacterial_leaf_blight
DSC_0_1343.jpg,Bacterial_leaf_blight
DSC_0_1357.jpg,Bacterial_leaf_blight
DSC_0_1363.jpg,Bacterial_leaf_blight
DSC_0_1370.jpg,Bacterial_leaf_blight
DSC_0_1372.jpg,Bacterial_leaf_blight
DSC_0_1379.jpg,Bacterial_leaf_blight
DSC_0_1384.jpg,Bacterial_leaf_blight
DSC_0_139.jpg,Bacterial_leaf_blight
DSC_0_1397.jpg,Bacterial_leaf_blight
DSC_0_1406.jpg,Bacterial_leaf_blight
DSC_0_1414.jpg,Bacterial_leaf_blight
DSC_0_142.jpg,Bacterial_leaf_blight
DSC_0_1441.jpg,Bacterial_leaf_blight
DSC_0_1453.jpg,Bacterial_leaf_blight
DSC_0_1466.jpg,Bacterial_leaf_blight
DSC_0_1467.jpg,Bacterial_leaf_blight
DSC_0_1468.jpg,Bacterial_leaf_blight
DSC_0_1470.jpg,Bacterial_leaf_blight
DSC_0_1473.jpg,Bacterial_leaf_blight
DSC_0_1483.jpg,Bacterial_leaf_blight
DSC_0_1485.jpg,Bacterial_leaf_blight
DSC_0_1496.jpg,Bacterial_leaf_blight
DSC_0_1498.jpg,Bacterial_leaf_blight
DSC_0_1512.jpg,Bacterial_leaf_blight
DSC_0_1514.jpg,Bacterial_leaf_blight
DSC_0_1516.jpg,Bacterial_leaf_blight
DSC_0_1518.jpg,Bacterial_leaf_blight
DSC_0_1525.jpg,Bacterial_leaf_blight
DSC_0_1530.jpg,Bacterial_leaf_blight
DSC_0_1536.jpg,Bacterial_leaf_blight
DSC_0_1584.jpg,Bacterial_leaf_blight
DSC_0_1585.jpg,Bacterial_leaf_blight
DSC_0_1588.jpg,Bacterial_leaf_blight
DSC_0_1597.jpg,Bacterial_leaf_blight
DSC_0_1614.jpg,Bacterial_leaf_blight
DSC_0_1636.jpg,Bacterial_leaf_blight
DSC_0_1648.jpg,Bacterial_leaf_blight
DSC_0_1667.jpg,Bacterial_leaf_blight
DSC_0_1675.jpg,Bacterial_leaf_blight
DSC_0_1694.jpg,Bacterial_leaf_blight
DSC_0_170.jpg,Bacterial_leaf_blight
DSC_0_1713.jpg,Bacterial_leaf_blight
DSC_0_1718.jpg,Bacterial_leaf_blight
DSC_0_175.jpg,Bacterial_leaf_blight
DSC_0_1751.jpg,Bacterial_leaf_blight
DSC_0_1752.jpg,Bacterial_leaf_blight
DSC_0_1753.jpg,Bacterial_leaf_blight
DSC_0_1758.jpg,Bacterial_leaf_blight
DSC_0_1764.jpg,Bacterial_leaf_blight
DSC_0_1765.jpg,Bacterial_leaf_blight
DSC_0_1770.jpg,Bacterial_leaf_blight
DSC_0_1790.jpg,Bacterial_leaf_blight
DSC_0_1791.jpg,Bacterial_leaf_blight
DSC_0_1797.jpg,Bacterial_leaf_blight
DSC_0_1800.jpg,Bacterial_leaf_blight
DSC_0_1810.jpg,Bacterial_leaf_blight
DSC_0_1811.jpg,Bacterial_leaf_blight
DSC_0_182.jpg,Bacterial_leaf_blight
DSC_0_1826.jpg,Bacterial_leaf_blight
DSC_0_1827.jpg,Bacterial_leaf_blight
DSC_0_1834.jpg,Bacterial_leaf_blight
DSC_0_1846.jpg,Bacterial_leaf_blight
DSC_0_1850.jpg,Bacterial_leaf_blight
DSC_0_186.jpg,Bacterial_leaf_blight
DSC_0_1863.jpg,Bacterial_leaf_blight
DSC_0_1864.jpg,Bacterial_leaf_blight
DSC_0_1871.jpg,Bacterial_leaf_blight
DSC_0_1878.jpg,Bacterial_leaf_blight
DSC_0_1899.jpg,Bacterial_leaf_blight
DSC_0_1901.jpg,Bacterial_leaf_blight
DSC_0_1908.jpg,Bacterial_leaf_blight
DSC_0_1911.jpg,Bacterial_leaf_blight
DSC_0_1934.jpg,Bacterial_leaf_blight
DSC_0_1960.jpg,Bacterial_leaf_blight
DSC_0_1971.jpg,Bacterial_leaf_blight
DSC_0_1974.jpg,Bacterial_leaf_blight
DSC_0_1976.jpg,Bacterial_leaf_blight
DSC_0_1989.jpg,Bacterial_leaf_blight
DSC_0_1990.jpg,Bacterial_leaf_blight
DSC_0_1991.jpg,Bacterial_leaf_blight
DSC_0_1993.jpg,Bacterial_leaf_blight
DSC_0_1996.jpg,Bacterial_leaf_blight
DSC_0_2.jpg,Bacterial_leaf_blight
DSC_0_2005.jpg,Bacterial_leaf_blight
DSC_0_2011.jpg,Bacterial_leaf_blight
DSC_0_2015.jpg,Bacterial_leaf_blight
DSC_0_2016.jpg,Bacterial_leaf_blight
DSC_0_2022.jpg,Bacterial_leaf_blight
DSC_0_2024.jpg,Bacterial_leaf_blight
DSC_0_2030.jpg,Bacterial_leaf_blight
DSC_0_2031.jpg,Bacterial_leaf_blight
DSC_0_2054.jpg,Bacterial_leaf_blight
DSC_0_2057.jpg,Bacterial_leaf_blight
DSC_0_2070.jpg,Bacterial_leaf_blight
DSC_0_2071.jpg,Bacterial_leaf_blight
DSC_0_2076.jpg,Bacterial_leaf_blight
DSC_0_208.jpg,Bacterial_leaf_blight
DSC_0_2094.jpg,Bacterial_leaf_blight
DSC_0_211.jpg,Bacterial_leaf_blight
DSC_0_2116.jpg,Bacterial_leaf_blight
DSC_0_2131.jpg,Bacterial_leaf_blight
DSC_0_2140.jpg,Bacterial_leaf_blight
DSC_0_2152.jpg,Bacterial_leaf_blight
DSC_0_2160.jpg,Bacterial_leaf_blight
DSC_0_2192.jpg,Bacterial_leaf_blight
DSC_0_2194.jpg,Bacterial_leaf_blight
DSC_0_2201.jpg,Bacterial_leaf_blight
DSC_0_221.jpg,Bacterial_leaf_blight
DSC_0_2217.jpg,Bacterial_leaf_blight
DSC_0_2242.jpg,Bacterial_leaf_blight
DSC_0_2274.jpg,Bacterial_leaf_blight
DSC_0_2283.jpg,Bacterial_leaf_blight
DSC_0_2289.jpg,Bacterial_leaf_blight
DSC_0_230.jpg,Bacterial_leaf_blight
DSC_0_2318.jpg,Bacterial_leaf_blight
DSC_0_2319.jpg,Bacterial_leaf_blight
DSC_0_2333.jpg,Bacterial_leaf_blight
DSC_0_2341.jpg,Bacterial_leaf_blight
DSC_0_2345.jpg,Bacterial_leaf_blight
DSC_0_2352.jpg,Bacterial_leaf_blight
DSC_0_2354.jpg,Bacterial_leaf_blight
DSC_0_236.jpg,Bacterial_leaf_blight
DSC_0_2367.jpg,Bacterial_leaf_blight
DSC_0_2370.jpg,Bacterial_leaf_blight
DSC_0_2371.jpg,Bacterial_leaf_blight
DSC_0_2378.jpg,Bacterial_leaf_blight
DSC_0_2384.jpg,Bacterial_leaf_blight
DSC_0_2399.jpg,Bacterial_leaf_blight
DSC_0_2403.jpg,Bacterial_leaf_blight
DSC_0_2424.jpg,Bacterial_leaf_blight
DSC_0_2426.jpg,Bacterial_leaf_blight
DSC_0_2458.jpg,Bacterial_leaf_blight
DSC_0_2459.jpg,Bacterial_leaf_blight
DSC_0_246.jpg,Bacterial_leaf_blight
DSC_0_247.jpg,Bacterial_leaf_blight
DSC_0_2475.jpg,Bacterial_leaf_blight
DSC_0_2489.jpg,Bacterial_leaf_blight
DSC_0_2491.jpg,Bacterial_leaf_blight
DSC_0_2500.jpg,Bacterial_leaf_blight
DSC_0_2501.jpg,Bacterial_leaf_blight
DSC_0_2510.jpg,Bacterial_leaf_blight
DSC_0_2536.jpg,Bacterial_leaf_blight
DSC_0_2540.jpg,Bacterial_leaf_blight
DSC_0_2543.jpg,Bacterial_leaf_blight
DSC_0_2546.jpg,Bacterial_leaf_blight
DSC_0_2549.jpg,Bacterial_leaf_blight
DSC_0_2562.jpg,Bacterial_leaf_blight
DSC_0_257.jpg,Bacterial_leaf_blight
DSC_0_2577.jpg,Bacterial_leaf_blight
DSC_0_2584.jpg,Bacterial_leaf_blight
DSC_0_2585.jpg,Bacterial_leaf_blight
DSC_0_259.jpg,Bacterial_leaf_blight
DSC_0_2592.jpg,Bacterial_leaf_blight
DSC_0_2597.jpg,Bacterial_leaf_blight
DSC_0_2602.jpg,Bacterial_leaf_blight
DSC_0_2610.jpg,Bacterial_leaf_blight
DSC_0_2613.jpg,Bacterial_leaf_blight
DSC_0_2615.jpg,Bacterial_leaf_blight
DSC_0_2619.jpg,Bacterial_leaf_blight
DSC_0_2626.jpg,Bacterial_leaf_blight
DSC_0_2630.jpg,Bacterial_leaf_blight
DSC_0_2647.jpg,Bacterial_leaf_blight
DSC_0_2654.jpg,Bacterial_leaf_blight
DSC_0_2666.jpg,Bacterial_leaf_blight
DSC_0_2669.jpg,Bacterial_leaf_blight
DSC_0_2678.jpg,Bacterial_leaf_blight
DSC_0_2688.jpg,Bacterial_leaf_blight
DSC_0_2694.jpg,Bacterial_leaf_blight
DSC_0_2696.jpg,Bacterial_leaf_blight
DSC_0_2699.jpg,Bacterial_leaf_blight
DSC_0_2710.jpg,Bacterial_leaf_blight
DSC_0_2723.jpg,Bacterial_leaf_blight
DSC_0_2727.jpg,Bacterial_leaf_blight
DSC_0_2741.jpg,Bacterial_leaf_blight
DSC_0_2742.jpg,Bacterial_leaf_blight
DSC_0_2753.jpg,Bacterial_leaf_blight
DSC_0_2757.jpg,Bacterial_leaf_blight
DSC_0_2765.jpg,Bacterial_leaf_blight
DSC_0_2769.jpg,Bacterial_leaf_blight
DSC_0_278.jpg,Bacterial_leaf_blight
DSC_0_2799.jpg,Bacterial_leaf_blight
DSC_0_28.jpg,Bacterial_leaf_blight
DSC_0_2833.jpg,Bacterial_leaf_blight
DSC_0_2836.jpg,Bacterial_leaf_blight
DSC_0_2837.jpg,Bacterial_leaf_blight
DSC_0_2851.jpg,Bacterial_leaf_blight
DSC_0_2852.jpg,Bacterial_leaf_blight
DSC_0_2854.jpg,Bacterial_leaf_blight
DSC_0_2857.jpg,Bacterial_leaf_blight
DSC_0_2870.jpg,Bacterial_leaf_blight
DSC_0_2887.jpg,Bacterial_leaf_blight
DSC_0_2891.jpg,Bacterial_leaf_blight
DSC_0_2899.jpg,Bacterial_leaf_blight
DSC_0_290.jpg,Bacterial_leaf_blight
DSC_0_2921.jpg,Bacterial_leaf_blight
DSC_0_2930.jpg,Bacterial_leaf_blight
DSC_0_2939.jpg,Bacterial_leaf_blight
DSC_0_2941.jpg,Bacterial_leaf_blight
DSC_0_2943.jpg,Bacterial_leaf_blight
DSC_0_2963.jpg,Bacterial_leaf_blight
DSC_0_297.jpg,Bacterial_leaf_blight
DSC_0_2974.jpg,Bacterial_leaf_blight
DSC_0_2984.jpg,Bacterial_leaf_blight
DSC_0_2990.jpg,Bacterial_leaf_blight
DSC_0_3005.jpg,Bacterial_leaf_blight
DSC_0_3008.jpg,Bacterial_leaf_blight
DSC_0_301.jpg,Bacterial_leaf_blight
DSC_0_3014.jpg,Bacterial_leaf_blight
DSC_0_3016.jpg,Bacterial_leaf_blight
DSC_0_3019.jpg,Bacterial_leaf_blight
DSC_0_3025.jpg,Bacterial_leaf_blight
DSC_0_3035.jpg,Bacterial_leaf_blight
DSC_0_3036.jpg,Bacterial_leaf_blight
DSC_0_3048.jpg,Bacterial_leaf_blight
DSC_0_305.jpg,Bacterial_leaf_blight
DSC_0_3061.jpg,Bacterial_leaf_blight
DSC_0_3069.jpg,Bacterial_leaf_blight
DSC_0_3072.jpg,Bacterial_leaf_blight
DSC_0_3088.jpg,Bacterial_leaf_blight
DSC_0_3090.jpg,Bacterial_leaf_blight
DSC_0_310.jpg,Bacterial_leaf_blight
DSC_0_3104.jpg,Bacterial_leaf_blight
DSC_0_3110.jpg,Bacterial_leaf_blight
DSC_0_3123.jpg,Bacterial_leaf_blight
DSC_0_3131.jpg,Bacterial_leaf_blight
DSC_0_3138.jpg,Bacterial_leaf_blight
DSC_0_3153.jpg,Bacterial_leaf_blight
DSC_0_3154.jpg,Bacterial_leaf_blight
DSC_0_3159.jpg,Bacterial_leaf_blight
DSC_0_3160.jpg,Bacterial_leaf_blight
DSC_0_3166.jpg,Bacterial_leaf_blight
DSC_0_3183.jpg,Bacterial_leaf_blight
DSC_0_3193.jpg,Bacterial_leaf_blight
DSC_0_3197.jpg,Bacterial_leaf_blight
DSC_0_3200.jpg,Bacterial_leaf_blight
DSC_0_3203.jpg,Bacterial_leaf_blight
DSC_0_3212.jpg,Bacterial_leaf_blight
DSC_0_3214.jpg,Bacterial_leaf_blight
DSC_0_3232.jpg,Bacterial_leaf_blight
DSC_0_324.jpg,Bacterial_leaf_blight
DSC_0_3244.jpg,Bacterial_leaf_blight
DSC_0_3251.jpg,Bacterial_leaf_blight
DSC_0_3268.jpg,Bacterial_leaf_blight
DSC_0_3273.jpg,Bacterial_leaf_blight
DSC_0_3295.jpg,Bacterial_leaf_blight
DSC_0_330.jpg,Bacterial_leaf_blight
DSC_0_3304.jpg,Bacterial_leaf_blight
DSC_0_3307.jpg,Bacterial_leaf_blight
DSC_0_3319.jpg,Bacterial_leaf_blight
DSC_0_3329.jpg,Bacterial_leaf_blight
DSC_0_334.jpg,Bacterial_leaf_blight
DSC_0_3347.jpg,Bacterial_leaf_blight
DSC_0_335.jpg,Bacterial_leaf_blight
DSC_0_3352.jpg,Bacterial_leaf_blight
DSC_0_3367.jpg,Bacterial_leaf_blight
DSC_0_3375.jpg,Bacterial_leaf_blight
DSC_0_338.jpg,Bacterial_leaf_blight
DSC_0_3381.jpg,Bacterial_leaf_blight
DSC_0_3392.jpg,Bacterial_leaf_blight
DSC_0_3403.jpg,Bacterial_leaf_blight
DSC_0_3417.jpg,Bacterial_leaf_blight
DSC_0_3436.jpg,Bacterial_leaf_blight
DSC_0_3447.jpg,Bacterial_leaf_blight
DSC_0_3448.jpg,Bacterial_leaf_blight
DSC_0_3451.jpg,Bacterial_leaf_blight
DSC_0_3454.jpg,Bacterial_leaf_blight
DSC_0_3517.jpg,Bacterial_leaf_blight
DSC_0_3518.jpg,Bacterial_leaf_blight
DSC_0_3525.jpg,Bacterial_leaf_blight
DSC_0_3531.jpg,Bacterial_leaf_blight
DSC_0_354.jpg,Bacterial_leaf_blight
DSC_0_3543.jpg,Bacterial_leaf_blight
DSC_0_3550.jpg,Bacterial_leaf_blight
DSC_0_3558.jpg,Bacterial_leaf_blight
DSC_0_3560.jpg,Bacterial_leaf_blight
DSC_0_358.jpg,Bacterial_leaf_blight
DSC_0_360.jpg,Bacterial_leaf_blight
DSC_0_3609.jpg,Bacterial_leaf_blight
DSC_0_3620.jpg,Bacterial_leaf_blight
DSC_0_3645.jpg,Bacterial_leaf_blight
DSC_0_365.jpg,Bacterial_leaf_blight
DSC_0_3653.jpg,Bacterial_leaf_blight
DSC_0_3657.jpg,Bacterial_leaf_blight
DSC_0_3659.jpg,Bacterial_leaf_blight
DSC_0_368.jpg,Bacterial_leaf_blight
DSC_0_3712.jpg,Bacterial_leaf_blight
DSC_0_3713.jpg,Bacterial_leaf_blight
DSC_0_3719.jpg,Bacterial_leaf_blight
DSC_0_3723.jpg,Bacterial_leaf_blight
DSC_0_3724.jpg,Bacterial_leaf_blight
DSC_0_3726.jpg,Bacterial_leaf_blight
DSC_0_373.jpg,Bacterial_leaf_blight
DSC_0_3734.jpg,Bacterial_leaf_blight
DSC_0_3744.jpg,Bacterial_leaf_blight
DSC_0_3747.jpg,Bacterial_leaf_blight
DSC_0_3755.jpg,Bacterial_leaf_blight
DSC_0_3760.jpg,Bacterial_leaf_blight
DSC_0_3766.jpg,Bacterial_leaf_blight
DSC_0_3791.jpg,Bacterial_leaf_blight
DSC_0_3804.jpg,Bacterial_leaf_blight
DSC_0_3805.jpg,Bacterial_leaf_blight
DSC_0_3818.jpg,Bacterial_leaf_blight
DSC_0_382.jpg,Bacterial_leaf_blight
DSC_0_3831.jpg,Bacterial_leaf_blight
DSC_0_3833.jpg,Bacterial_leaf_blight
DSC_0_3840.jpg,Bacterial_leaf_blight
DSC_0_3854.jpg,Bacterial_leaf_blight
DSC_0_3868.jpg,Bacterial_leaf_blight
DSC_0_3876.jpg,Bacterial_leaf_blight
DSC_0_3880.jpg,Bacterial_leaf_blight
DSC_0_3903.jpg,Bacterial_leaf_blight
DSC_0_3917.jpg,Bacterial_leaf_blight
DSC_0_3922.jpg,Bacterial_leaf_blight
DSC_0_3934.jpg,Bacterial_leaf_blight
DSC_0_3950.jpg,Bacterial_leaf_blight
DSC_0_3953.jpg,Bacterial_leaf_blight
DSC_0_3958.jpg,Bacterial_leaf_blight
DSC_0_3961.jpg,Bacterial_leaf_blight
DSC_0_3968.jpg,Bacterial_leaf_blight
DSC_0_399.jpg,Bacterial_leaf_blight
DSC_0_3996.jpg,Bacterial_leaf_blight
DSC_0_3997.jpg,Bacterial_leaf_blight
DSC_0_4000.jpg,Bacterial_leaf_blight
DSC_0_4018.jpg,Bacterial_leaf_blight
DSC_0_4035.jpg,Bacterial_leaf_blight
DSC_0_4043.jpg,Bacterial_leaf_blight
DSC_0_4054.jpg,Bacterial_leaf_blight
DSC_0_4065.jpg,Bacterial_leaf_blight
DSC_0_4089.jpg,Bacterial_leaf_blight
DSC_0_4093.jpg,Bacterial_leaf_blight
DSC_0_4096.jpg,Bacterial_leaf_blight
DSC_0_4124.jpg,Bacterial_leaf_blight
DSC_0_4145.jpg,Bacterial_leaf_blight
DSC_0_4147.jpg,Bacterial_leaf_blight
DSC_0_4151.jpg,Bacterial_leaf_blight
DSC_0_4161.jpg,Bacterial_leaf_blight
DSC_0_4176.jpg,Bacterial_leaf_blight
DSC_0_4185.jpg,Bacterial_leaf_blight
DSC_0_4186.jpg,Bacterial_leaf_blight
DSC_0_4190.jpg,Bacterial_leaf_blight
DSC_0_4195.jpg,Bacterial_leaf_blight
DSC_0_420.jpg,Bacterial_leaf_blight
DSC_0_4200.jpg,Bacterial_leaf_blight
DSC_0_4202.jpg,Bacterial_leaf_blight
DSC_0_4209.jpg,Bacterial_leaf_blight
DSC_0_4210.jpg,Bacterial_leaf_blight
DSC_0_4214.jpg,Bacterial_leaf_blight
DSC_0_4235.jpg,Bacterial_leaf_blight
DSC_0_4248.jpg,Bacterial_leaf_blight
DSC_0_428.jpg,Bacterial_leaf_blight
DSC_0_4280.jpg,Bacterial_leaf_blight
DSC_0_4282.jpg,Bacterial_leaf_blight
DSC_0_4283.jpg,Bacterial_leaf_blight
DSC_0_429.jpg,Bacterial_leaf_blight
DSC_0_430.jpg,Bacterial_leaf_blight
DSC_0_4308.jpg,Bacterial_leaf_blight
DSC_0_4313.jpg,Bacterial_leaf_blight
DSC_0_4315.jpg,Bacterial_leaf_blight
DSC_0_4326.jpg,Bacterial_leaf_blight
DSC_0_4341.jpg,Bacterial_leaf_blight
DSC_0_4343.jpg,Bacterial_leaf_blight
DSC_0_4344.jpg,Bacterial_leaf_blight
DSC_0_4350.jpg,Bacterial_leaf_blight
DSC_0_4362.jpg,Bacterial_leaf_blight
DSC_0_4374.jpg,Bacterial_leaf_blight
DSC_0_4376.jpg,Bacterial_leaf_blight
DSC_0_4378.jpg,Bacterial_leaf_blight
DSC_0_4389.jpg,Bacterial_leaf_blight
DSC_0_4394.jpg,Bacterial_leaf_blight
DSC_0_4400.jpg,Bacterial_leaf_blight
DSC_0_4401.jpg,Bacterial_leaf_blight
DSC_0_4409.jpg,Bacterial_leaf_blight
DSC_0_442.jpg,Bacterial_leaf_blight
DSC_0_444.jpg,Bacterial_leaf_blight
DSC_0_4445.jpg,Bacterial_leaf_blight
DSC_0_4473.jpg,Bacterial_leaf_blight
DSC_0_4478.jpg,Bacterial_leaf_blight
DSC_0_4479.jpg,Bacterial_leaf_blight
DSC_0_4492.jpg,Bacterial_leaf_blight
DSC_0_4497.jpg,Bacterial_leaf_blight
DSC_0_4512.jpg,Bacterial_leaf_blight
DSC_0_4514.jpg,Bacterial_leaf_blight
DSC_0_4527.jpg,Bacterial_leaf_blight
DSC_0_4532.jpg,Bacterial_leaf_blight
DSC_0_4543.jpg,Bacterial_leaf_blight
DSC_0_4554.jpg,Bacterial_leaf_blight
DSC_0_4564.jpg,Bacterial_leaf_blight
DSC_0_4569.jpg,Bacterial_leaf_blight
DSC_0_4570.jpg,Bacterial_leaf_blight
DSC_0_4572.jpg,Bacterial_leaf_blight
DSC_0_4584.jpg,Bacterial_leaf_blight
DSC_0_4586.jpg,Bacterial_leaf_blight
DSC_0_459.jpg,Bacterial_leaf_blight
DSC_0_4593.jpg,Bacterial_leaf_blight
DSC_0_4602.jpg,Bacterial_leaf_blight
DSC_0_4616.jpg,Bacterial_leaf_blight
DSC_0_4618.jpg,Bacterial_leaf_blight
DSC_0_4641.jpg,Bacterial_leaf_blight
DSC_0_4660.jpg,Bacterial_leaf_blight
DSC_0_4663.jpg,Bacterial_leaf_blight
DSC_0_4681.jpg,Bacterial_leaf_blight
DSC_0_4682.jpg,Bacterial_leaf_blight
DSC_0_4694.jpg,Bacterial_leaf_blight
DSC_0_4708.jpg,Bacterial_leaf_blight
DSC_0_4709.jpg,Bacterial_leaf_blight
DSC_0_4714.jpg,Bacterial_leaf_blight
DSC_0_4724.jpg,Bacterial_leaf_blight
DSC_0_4726.jpg,Bacterial_leaf_blight
DSC_0_4729.jpg,Bacterial_leaf_blight
DSC_0_473.jpg,Bacterial_leaf_blight
DSC_0_4732.jpg,Bacterial_leaf_blight
DSC_0_4736.jpg,Bacterial_leaf_blight
DSC_0_4740.jpg,Bacterial_leaf_blight
DSC_0_4757.jpg,Bacterial_leaf_blight
DSC_0_4759.jpg,Bacterial_leaf_blight
DSC_0_4771.jpg,Bacterial_leaf_blight
DSC_0_4796.jpg,Bacterial_leaf_blight
DSC_0_480.jpg,Bacterial_leaf_blight
DSC_0_4809.jpg,Bacterial_leaf_blight
DSC_0_4817.jpg,Bacterial_leaf_blight
DSC_0_4818.jpg,Bacterial_leaf_blight
DSC_0_4823.jpg,Bacterial_leaf_blight
DSC_0_4872.jpg,Bacterial_leaf_blight
DSC_0_4873.jpg,Bacterial_leaf_blight
DSC_0_489.jpg,Bacterial_leaf_blight
DSC_0_4918.jpg,Bacterial_leaf_blight
DSC_0_4921.jpg,Bacterial_leaf_blight
DSC_0_4930.jpg,Bacterial_leaf_blight
DSC_0_4932.jpg,Bacterial_leaf_blight
DSC_0_4946.jpg,Bacterial_leaf_blight
DSC_0_4953.jpg,Bacterial_leaf_blight
DSC_0_4959.jpg,Bacterial_leaf_blight
DSC_0_4970.jpg,Bacterial_leaf_blight
DSC_0_4978.jpg,Bacterial_leaf_blight
DSC_0_4986.jpg,Bacterial_leaf_blight
DSC_0_4997.jpg,Bacterial_leaf_blight
DSC_0_5021.jpg,Bacterial_leaf_blight
DSC_0_5083.jpg,Bacterial_leaf_blight
DSC_0_5084.jpg,Bacterial_leaf_blight
DSC_0_5110.jpg,Bacterial_leaf_blight
DSC_0_5120.jpg,Bacterial_leaf_blight
DSC_0_5130.jpg,Bacterial_leaf_blight
DSC_0_5134.jpg,Bacterial_leaf_blight
DSC_0_5141.jpg,Bacterial_leaf_blight
DSC_0_5147.jpg,Bacterial_leaf_blight
DSC_0_5150.jpg,Bacterial_leaf_blight
DSC_0_5162.jpg,Bacterial_leaf_blight
DSC_0_5166.jpg,Bacterial_leaf_blight
DSC_0_5169.jpg,Bacterial_leaf_blight
DSC_0_5172.jpg,Bacterial_leaf_blight
DSC_0_5188.jpg,Bacterial_leaf_blight
DSC_0_5191.jpg,Bacterial_leaf_blight
DSC_0_5197.jpg,Bacterial_leaf_blight
DSC_0_520.jpg,Bacterial_leaf_blight
DSC_0_5201.jpg,Bacterial_leaf_blight
DSC_0_5213.jpg,Bacterial_leaf_blight
DSC_0_5214.jpg,Bacterial_leaf_blight
DSC_0_5216.jpg,Bacterial_leaf_blight
DSC_0_5217.jpg,Bacterial_leaf_blight
DSC_0_5242.jpg,Bacterial_leaf_blight
DSC_0_526.jpg,Bacterial_leaf_blight
DSC_0_5269.jpg,Bacterial_leaf_blight
DSC_0_5277.jpg,Bacterial_leaf_blight
DSC_0_5302.jpg,Bacterial_leaf_blight
DSC_0_5308.jpg,Bacterial_leaf_blight
DSC_0_5310.jpg,Bacterial_leaf_blight
DSC_0_5326.jpg,Bacterial_leaf_blight
DSC_0_5330.jpg,Bacterial_leaf_blight
DSC_0_5337.jpg,Bacterial_leaf_blight
DSC_0_5372.jpg,Bacterial_leaf_blight
DSC_0_5377.jpg,Bacterial_leaf_blight
DSC_0_5388.jpg,Bacterial_leaf_blight
DSC_0_5406.jpg,Bacterial_leaf_blight
DSC_0_5410.jpg,Bacterial_leaf_blight
DSC_0_5430.jpg,Bacterial_leaf_blight
DSC_0_544.jpg,Bacterial_leaf_blight
DSC_0_5440.jpg,Bacterial_leaf_blight
DSC_0_5449.jpg,Bacterial_leaf_blight
DSC_0_5463.jpg,Bacterial_leaf_blight
DSC_0_5489.jpg,Bacterial_leaf_blight
DSC_0_5491.jpg,Bacterial_leaf_blight
DSC_0_5493.jpg,Bacterial_leaf_blight
DSC_0_5495.jpg,Bacterial_leaf_blight
DSC_0_5498.jpg,Bacterial_leaf_blight
DSC_0_5501.jpg,Bacterial_leaf_blight
DSC_0_551.jpg,Bacterial_leaf_blight
DSC_0_5513.jpg,Bacterial_leaf_blight
DSC_0_5518.jpg,Bacterial_leaf_blight
DSC_0_5521.jpg,Bacterial_leaf_blight
DSC_0_5533.jpg,Bacterial_leaf_blight
DSC_0_5538.jpg,Bacterial_leaf_blight
DSC_0_5545.jpg,Bacterial_leaf_blight
DSC_0_5551.jpg,Bacterial_leaf_blight
DSC_0_5552.jpg,Bacterial_leaf_blight
DSC_0_5563.jpg,Bacterial_leaf_blight
DSC_0_5585.jpg,Bacterial_leaf_blight
DSC_0_5593.jpg,Bacterial_leaf_blight
DSC_0_5617.jpg,Bacterial_leaf_blight
DSC_0_5621.jpg,Bacterial_leaf_blight
DSC_0_5640.jpg,Bacterial_leaf_blight
DSC_0_5692.jpg,Bacterial_leaf_blight
DSC_0_5701.jpg,Bacterial_leaf_blight
DSC_0_5714.jpg,Bacterial_leaf_blight
DSC_0_5725.jpg,Bacterial_leaf_blight
DSC_0_5733.jpg,Bacterial_leaf_blight
DSC_0_5737.jpg,Bacterial_leaf_blight
DSC_0_5751.jpg,Bacterial_leaf_blight
DSC_0_5772.jpg,Bacterial_leaf_blight
DSC_0_5774.jpg,Bacterial_leaf_blight
DSC_0_58.jpg,Bacterial_leaf_blight
DSC_0_5807.jpg,Bacterial_leaf_blight
DSC_0_5809.jpg,Bacterial_leaf_blight
DSC_0_5859.jpg,Bacterial_leaf_blight
DSC_0_5863.jpg,Bacterial_leaf_blight
DSC_0_5864.jpg,Bacterial_leaf_blight
DSC_0_5866.jpg,Bacterial_leaf_blight
DSC_0_5868.jpg,Bacterial_leaf_blight
DSC_0_5878.jpg,Bacterial_leaf_blight
DSC_0_5879.jpg,Bacterial_leaf_blight
DSC_0_5912.jpg,Bacterial_leaf_blight
DSC_0_5928.jpg,Bacterial_leaf_blight
DSC_0_593.jpg,Bacterial_leaf_blight
DSC_0_5932.jpg,Bacterial_leaf_blight
DSC_0_5943.jpg,Bacterial_leaf_blight
DSC_0_5950.jpg,Bacterial_leaf_blight
DSC_0_5968.jpg,Bacterial_leaf_blight
DSC_0_5976.jpg,Bacterial_leaf_blight
DSC_0_5979.jpg,Bacterial_leaf_blight
DSC_0_599.jpg,Bacterial_leaf_blight
DSC_0_5996.jpg,Bacterial_leaf_blight
DSC_0_6011.jpg,Bacterial_leaf_blight
DSC_0_6012.jpg,Bacterial_leaf_blight
DSC_0_6018.jpg,Bacterial_leaf_blight
DSC_0_603.jpg,Bacterial_leaf_blight
DSC_0_6032.jpg,Bacterial_leaf_blight
DSC_0_6041.jpg,Bacterial_leaf_blight
DSC_0_6059.jpg,Bacterial_leaf_blight
DSC_0_6060.jpg,Bacterial_leaf_blight
DSC_0_6071.jpg,Bacterial_leaf_blight
DSC_0_6083.jpg,Bacterial_leaf_blight
DSC_0_6087.jpg,Bacterial_leaf_blight
DSC_0_6092.jpg,Bacterial_leaf_blight
DSC_0_610.jpg,Bacterial_leaf_blight
DSC_0_6104.jpg,Bacterial_leaf_blight
DSC_0_6114.jpg,Bacterial_leaf_blight
DSC_0_6117.jpg,Bacterial_leaf_blight
DSC_0_6128.jpg,Bacterial_leaf_blight
DSC_0_6129.jpg,Bacterial_leaf_blight
DSC_0_6143.jpg,Bacterial_leaf_blight
DSC_0_6150.jpg,Bacterial_leaf_blight
DSC_0_6155.jpg,Bacterial_leaf_blight
DSC_0_6159.jpg,Bacterial_leaf_blight
DSC_0_6165.jpg,Bacterial_leaf_blight
DSC_0_6175.jpg,Bacterial_leaf_blight
DSC_0_6176.jpg,Bacterial_leaf_blight
DSC_0_6182.jpg,Bacterial_leaf_blight
DSC_0_6195.jpg,Bacterial_leaf_blight
DSC_0_6197.jpg,Bacterial_leaf_blight
DSC_0_6207.jpg,Bacterial_leaf_blight
DSC_0_6236.jpg,Bacterial_leaf_blight
DSC_0_6239.jpg,Bacterial_leaf_blight
DSC_0_6264.jpg,Bacterial_leaf_blight
DSC_0_6287.jpg,Bacterial_leaf_blight
DSC_0_6298.jpg,Bacterial_leaf_blight
DSC_0_6300.jpg,Bacterial_leaf_blight
DSC_0_6312.jpg,Bacterial_leaf_blight
DSC_0_6315.jpg,Bacterial_leaf_blight
DSC_0_6326.jpg,Bacterial_leaf_blight
DSC_0_6330.jpg,Bacterial_leaf_blight
DSC_0_6339.jpg,Bacterial_leaf_blight
DSC_0_634.jpg,Bacterial_leaf_blight
DSC_0_6360.jpg,Bacterial_leaf_blight
DSC_0_6361.jpg,Bacterial_leaf_blight
DSC_0_6369.jpg,Bacterial_leaf_blight
DSC_0_6377.jpg,Bacterial_leaf_blight
DSC_0_6380.jpg,Bacterial_leaf_blight
DSC_0_6390.jpg,Bacterial_leaf_blight
DSC_0_6393.jpg,Bacterial_leaf_blight
DSC_0_641.jpg,Bacterial_leaf_blight
DSC_0_6413.jpg,Bacterial_leaf_blight
DSC_0_6418.jpg,Bacterial_leaf_blight
DSC_0_6434.jpg,Bacterial_leaf_blight
DSC_0_6435.jpg,Bacterial_leaf_blight
DSC_0_644.jpg,Bacterial_leaf_blight
DSC_0_6441.jpg,Bacterial_leaf_blight
DSC_0_6444.jpg,Bacterial_leaf_blight
DSC_0_6462.jpg,Bacterial_leaf_blight
DSC_0_6480.jpg,Bacterial_leaf_blight
DSC_0_6508.jpg,Bacterial_leaf_blight
DSC_0_6512.jpg,Bacterial_leaf_blight
DSC_0_6533.jpg,Bacterial_leaf_blight
DSC_0_6534.jpg,Bacterial_leaf_blight
DSC_0_6547.jpg,Bacterial_leaf_blight
DSC_0_6554.jpg,Bacterial_leaf_blight
DSC_0_6569.jpg,Bacterial_leaf_blight
DSC_0_6571.jpg,Bacterial_leaf_blight
DSC_0_658.jpg,Bacterial_leaf_blight
DSC_0_6585.jpg,Bacterial_leaf_blight
DSC_0_6595.jpg,Bacterial_leaf_blight
DSC_0_6617.jpg,Bacterial_leaf_blight
DSC_0_662.jpg,Bacterial_leaf_blight
DSC_0_6624.jpg,Bacterial_leaf_blight
DSC_0_6629.jpg,Bacterial_leaf_blight
DSC_0_6643.jpg,Bacterial_leaf_blight
DSC_0_6658.jpg,Bacterial_leaf_blight
DSC_0_6664.jpg,Bacterial_leaf_blight
DSC_0_6667.jpg,Bacterial_leaf_blight
DSC_0_6671.jpg,Bacterial_leaf_blight
DSC_0_6678.jpg,Bacterial_leaf_blight
DSC_0_6680.jpg,Bacterial_leaf_blight
DSC_0_6685.jpg,Bacterial_leaf_blight
DSC_0_6686.jpg,Bacterial_leaf_blight
DSC_0_6690.jpg,Bacterial_leaf_blight
DSC_0_6700.jpg,Bacterial_leaf_blight
DSC_0_6714.jpg,Bacterial_leaf_blight
DSC_0_6721.jpg,Bacterial_leaf_blight
DSC_0_6733.jpg,Bacterial_leaf_blight
DSC_0_6748.jpg,Bacterial_leaf_blight
DSC_0_6757.jpg,Bacterial_leaf_blight
DSC_0_6775.jpg,Bacterial_leaf_blight
DSC_0_6798.jpg,Bacterial_leaf_blight
DSC_0_6823.jpg,Bacterial_leaf_blight
DSC_0_6828.jpg,Bacterial_leaf_blight
DSC_0_6834.jpg,Bacterial_leaf_blight
DSC_0_6838.jpg,Bacterial_leaf_blight
DSC_0_6861.jpg,Bacterial_leaf_blight
DSC_0_6863.jpg,Bacterial_leaf_blight
DSC_0_6864.jpg,Bacterial_leaf_blight
DSC_0_6886.jpg,Bacterial_leaf_blight
DSC_0_6890.jpg,Bacterial_leaf_blight
DSC_0_6907.jpg,Bacterial_leaf_blight
DSC_0_6921.jpg,Bacterial_leaf_blight
DSC_0_6932.jpg,Bacterial_leaf_blight
DSC_0_6963.jpg,Bacterial_leaf_blight
DSC_0_6974.jpg,Bacterial_leaf_blight
DSC_0_6979.jpg,Bacterial_leaf_blight
DSC_0_6982.jpg,Bacterial_leaf_blight
DSC_0_6994.jpg,Bacterial_leaf_blight
DSC_0_6998.jpg,Bacterial_leaf_blight
DSC_0_700.jpg,Bacterial_leaf_blight
DSC_0_7001.jpg,Bacterial_leaf_blight
DSC_0_7028.jpg,Bacterial_leaf_blight
DSC_0_7033.jpg,Bacterial_leaf_blight
DSC_0_7055.jpg,Bacterial_leaf_blight
DSC_0_7065.jpg,Bacterial_leaf_blight
DSC_0_708.jpg,Bacterial_leaf_blight
DSC_0_7097.jpg,Bacterial_leaf_blight
DSC_0_710.jpg,Bacterial_leaf_blight
DSC_0_7107.jpg,Bacterial_leaf_blight
DSC_0_7113.jpg,Bacterial_leaf_blight
DSC_0_7137.jpg,Bacterial_leaf_blight
DSC_0_7144.jpg,Bacterial_leaf_blight
DSC_0_7147.jpg,Bacterial_leaf_blight
DSC_0_7161.jpg,Bacterial_leaf_blight
DSC_0_7164.jpg,Bacterial_leaf_blight
DSC_0_718.jpg,Bacterial_leaf_blight
DSC_0_7187.jpg,Bacterial_leaf_blight
DSC_0_7196.jpg,Bacterial_leaf_blight
DSC_0_7203.jpg,Bacterial_leaf_blight
DSC_0_7241.jpg,Bacterial_leaf_blight
DSC_0_7244.jpg,Bacterial_leaf_blight
DSC_0_7248.jpg,Bacterial_leaf_blight
DSC_0_7261.jpg,Bacterial_leaf_blight
DSC_0_7269.jpg,Bacterial_leaf_blight
DSC_0_729.jpg,Bacterial_leaf_blight
DSC_0_7291.jpg,Bacterial_leaf_blight
DSC_0_7292.jpg,Bacterial_leaf_blight
DSC_0_7302.jpg,Bacterial_leaf_blight
DSC_0_7310.jpg,Bacterial_leaf_blight
DSC_0_7313.jpg,Bacterial_leaf_blight
DSC_0_7338.jpg,Bacterial_leaf_blight
DSC_0_7344.jpg,Bacterial_leaf_blight
DSC_0_7361.jpg,Bacterial_leaf_blight
DSC_0_738.jpg,Bacterial_leaf_blight
DSC_0_7383.jpg,Bacterial_leaf_blight
DSC_0_739.jpg,Bacterial_leaf_blight
DSC_0_7400.jpg,Bacterial_leaf_blight
DSC_0_7422.jpg,Bacterial_leaf_blight
DSC_0_744.jpg,Bacterial_leaf_blight
DSC_0_7450.jpg,Bacterial_leaf_blight
DSC_0_7457.jpg,Bacterial_leaf_blight
DSC_0_7460.jpg,Bacterial_leaf_blight
DSC_0_7468.jpg,Bacterial_leaf_blight
DSC_0_747.jpg,Bacterial_leaf_blight
DSC_0_7471.jpg,Bacterial_leaf_blight
DSC_0_7479.jpg,Bacterial_leaf_blight
DSC_0_7483.jpg,Bacterial_leaf_blight
DSC_0_7498.jpg,Bacterial_leaf_blight
DSC_0_7507.jpg,Bacterial_leaf_blight
DSC_0_7508.jpg,Bacterial_leaf_blight
DSC_0_7510.jpg,Bacterial_leaf_blight
DSC_0_7530.jpg,Bacterial_leaf_blight
DSC_0_7550.jpg,Bacterial_leaf_blight
DSC_0_7577.jpg,Bacterial_leaf_blight
DSC_0_7596.jpg,Bacterial_leaf_blight
DSC_0_7599.jpg,Bacterial_leaf_blight
DSC_0_7603.jpg,Bacterial_leaf_blight
DSC_0_7606.jpg,Bacterial_leaf_blight
DSC_0_7614.jpg,Bacterial_leaf_blight
DSC_0_7624.jpg,Bacterial_leaf_blight
DSC_0_7625.jpg,Bacterial_leaf_blight
DSC_0_7638.jpg,Bacterial_leaf_blight
DSC_0_7644.jpg,Bacterial_leaf_blight
DSC_0_7666.jpg,Bacterial_leaf_blight
DSC_0_7680.jpg,Bacterial_leaf_blight
DSC_0_7689.jpg,Bacterial_leaf_blight
DSC_0_7699.jpg,Bacterial_leaf_blight
DSC_0_7702.jpg,Bacterial_leaf_blight
DSC_0_7735.jpg,Bacterial_leaf_blight
DSC_0_7742.jpg,Bacterial_leaf_blight
DSC_0_7746.jpg,Bacterial_leaf_blight
DSC_0_7747.jpg,Bacterial_leaf_blight
DSC_0_7756.jpg,Bacterial_leaf_blight
DSC_0_7758.jpg,Bacterial_leaf_blight
DSC_0_7808.jpg,Bacterial_leaf_blight
DSC_0_781.jpg,Bacterial_leaf_blight
DSC_0_7818.jpg,Bacterial_leaf_blight
DSC_0_7822.jpg,Bacterial_leaf_blight
DSC_0_783.jpg,Bacterial_leaf_blight
DSC_0_7832.jpg,Bacterial_leaf_blight
DSC_0_7847.jpg,Bacterial_leaf_blight
DSC_0_7852.jpg,Bacterial_leaf_blight
DSC_0_7863.jpg,Bacterial_leaf_blight
DSC_0_7865.jpg,Bacterial_leaf_blight
DSC_0_7871.jpg,Bacterial_leaf_blight
DSC_0_7884.jpg,Bacterial_leaf_blight
DSC_0_7886.jpg,Bacterial_leaf_blight
DSC_0_7909.jpg,Bacterial_leaf_blight
DSC_0_7913.jpg,Bacterial_leaf_blight
DSC_0_7926.jpg,Bacterial_leaf_blight
DSC_0_794.jpg,Bacterial_leaf_blight
DSC_0_7944.jpg,Bacterial_leaf_blight
DSC_0_7958.jpg,Bacterial_leaf_blight
DSC_0_7961.jpg,Bacterial_leaf_blight
DSC_0_7976.jpg,Bacterial_leaf_blight
DSC_0_7981.jpg,Bacterial_leaf_blight
DSC_0_7982.jpg,Bacterial_leaf_blight
DSC_0_7986.jpg,Bacterial_leaf_blight
DSC_0_7996.jpg,Bacterial_leaf_blight
DSC_0_8016.jpg,Bacterial_leaf_blight
DSC_0_8044.jpg,Bacterial_leaf_blight
DSC_0_8048.jpg,Bacterial_leaf_blight
DSC_0_8051.jpg,Bacterial_leaf_blight
DSC_0_8070.jpg,Bacterial_leaf_blight
DSC_0_8082.jpg,Bacterial_leaf_blight
DSC_0_8085.jpg,Bacterial_leaf_blight
DSC_0_8088.jpg,Bacterial_leaf_blight
DSC_0_81.jpg,Bacterial_leaf_blight
DSC_0_8111.jpg,Bacterial_leaf_blight
DSC_0_8113.jpg,Bacterial_leaf_blight
DSC_0_8118.jpg,Bacterial_leaf_blight
DSC_0_8120.jpg,Bacterial_leaf_blight
DSC_0_8123.jpg,Bacterial_leaf_blight
DSC_0_8143.jpg,Bacterial_leaf_blight
DSC_0_8173.jpg,Bacterial_leaf_blight
DSC_0_8180.jpg,Bacterial_leaf_blight
DSC_0_8182.jpg,Bacterial_leaf_blight
DSC_0_82.jpg,Bacterial_leaf_blight
DSC_0_8205.jpg,Bacterial_leaf_blight
DSC_0_8206.jpg,Bacterial_leaf_blight
DSC_0_8220.jpg,Bacterial_leaf_blight
DSC_0_8246.jpg,Bacterial_leaf_blight
DSC_0_8256.jpg,Bacterial_leaf_blight
DSC_0_8261.jpg,Bacterial_leaf_blight
DSC_0_8287.jpg,Bacterial_leaf_blight
DSC_0_8289.jpg,Bacterial_leaf_blight
DSC_0_829.jpg,Bacterial_leaf_blight
DSC_0_8291.jpg,Bacterial_leaf_blight
DSC_0_8296.jpg,Bacterial_leaf_blight
DSC_0_8302.jpg,Bacterial_leaf_blight
DSC_0_8305.jpg,Bacterial_leaf_blight
DSC_0_8324.jpg,Bacterial_leaf_blight
DSC_0_8330.jpg,Bacterial_leaf_blight
DSC_0_8331.jpg,Bacterial_leaf_blight
DSC_0_8339.jpg,Bacterial_leaf_blight
DSC_0_8349.jpg,Bacterial_leaf_blight
DSC_0_8354.jpg,Bacterial_leaf_blight
DSC_0_8355.jpg,Bacterial_leaf_blight
DSC_0_8363.jpg,Bacterial_leaf_blight
DSC_0_8366.jpg,Bacterial_leaf_blight
DSC_0_8397.jpg,Bacterial_leaf_blight
DSC_0_8402.jpg,Bacterial_leaf_blight
DSC_0_8422.jpg,Bacterial_leaf_blight
DSC_0_8423.jpg,Bacterial_leaf_blight
DSC_0_8430.jpg,Bacterial_leaf_blight
DSC_0_8436.jpg,Bacterial_leaf_blight
DSC_0_844.jpg,Bacterial_leaf_blight
DSC_0_8444.jpg,Bacterial_leaf_blight
DSC_0_845.jpg,Bacterial_leaf_blight
DSC_0_8459.jpg,Bacterial_leaf_blight
DSC_0_846.jpg,Bacterial_leaf_blight
DSC_0_8482.jpg,Bacterial_leaf_blight
DSC_0_8483.jpg,Bacterial_leaf_blight
DSC_0_8486.jpg,Bacterial_leaf_blight
DSC_0_8490.jpg,Bacterial_leaf_blight
DSC_0_8493.jpg,Bacterial_leaf_blight
DSC_0_852.jpg,Bacterial_leaf_blight
DSC_0_8531.jpg,Bacterial_leaf_blight
DSC_0_8541.jpg,Bacterial_leaf_blight
DSC_0_8543.jpg,Bacterial_leaf_blight
DSC_0_8546.jpg,Bacterial_leaf_blight
DSC_0_8551.jpg,Bacterial_leaf_blight
DSC_0_8566.jpg,Bacterial_leaf_blight
DSC_0_8580.jpg,Bacterial_leaf_blight
DSC_0_8584.jpg,Bacterial_leaf_blight
DSC_0_8585.jpg,Bacterial_leaf_blight
DSC_0_8587.jpg,Bacterial_leaf_blight
DSC_0_8595.jpg,Bacterial_leaf_blight
DSC_0_861.jpg,Bacterial_leaf_blight
DSC_0_8620.jpg,Bacterial_leaf_blight
DSC_0_8629.jpg,Bacterial_leaf_blight
DSC_0_8630.jpg,Bacterial_leaf_blight
DSC_0_8632.jpg,Bacterial_leaf_blight
DSC_0_8642.jpg,Bacterial_leaf_blight
DSC_0_8647.jpg,Bacterial_leaf_blight
DSC_0_8656.jpg,Bacterial_leaf_blight
DSC_0_866.jpg,Bacterial_leaf_blight
DSC_0_8660.jpg,Bacterial_leaf_blight
DSC_0_8677.jpg,Bacterial_leaf_blight
DSC_0_8682.jpg,Bacterial_leaf_blight
DSC_0_8696.jpg,Bacterial_leaf_blight
DSC_0_8702.jpg,Bacterial_leaf_blight
DSC_0_8721.jpg,Bacterial_leaf_blight
DSC_0_8724.jpg,Bacterial_leaf_blight
DSC_0_8732.jpg,Bacterial_leaf_blight
DSC_0_8751.jpg,Bacterial_leaf_blight
DSC_0_8755.jpg,Bacterial_leaf_blight
DSC_0_8767.jpg,Bacterial_leaf_blight
DSC_0_8791.jpg,Bacterial_leaf_blight
DSC_0_8795.jpg,Bacterial_leaf_blight
DSC_0_8813.jpg,Bacterial_leaf_blight
DSC_0_8816.jpg,Bacterial_leaf_blight
DSC_0_8844.jpg,Bacterial_leaf_blight
DSC_0_8850.jpg,Bacterial_leaf_blight
DSC_0_8855.jpg,Bacterial_leaf_blight
DSC_0_8861.jpg,Bacterial_leaf_blight
DSC_0_8894.jpg,Bacterial_leaf_blight
DSC_0_8899.jpg,Bacterial_leaf_blight
DSC_0_8910.jpg,Bacterial_leaf_blight
DSC_0_8915.jpg,Bacterial_leaf_blight
DSC_0_8919.jpg,Bacterial_leaf_blight
DSC_0_893.jpg,Bacterial_leaf_blight
DSC_0_8953.jpg,Bacterial_leaf_blight
DSC_0_8954.jpg,Bacterial_leaf_blight
DSC_0_8972.jpg,Bacterial_leaf_blight
DSC_0_898.jpg,Bacterial_leaf_blight
DSC_0_8984.jpg,Bacterial_leaf_blight
DSC_0_8997.jpg,Bacterial_leaf_blight
DSC_0_901.jpg,Bacterial_leaf_blight
DSC_0_9016.jpg,Bacterial_leaf_blight
DSC_0_9024.jpg,Bacterial_leaf_blight
DSC_0_9026.jpg,Bacterial_leaf_blight
DSC_0_9035.jpg,Bacterial_leaf_blight
DSC_0_9036.jpg,Bacterial_leaf_blight
DSC_0_9046.jpg,Bacterial_leaf_blight
DSC_0_905.jpg,Bacterial_leaf_blight
DSC_0_9072.jpg,Bacterial_leaf_blight
DSC_0_913.jpg,Bacterial_leaf_blight
DSC_0_9137.jpg,Bacterial_leaf_blight
DSC_0_9145.jpg,Bacterial_leaf_blight
DSC_0_9161.jpg,Bacterial_leaf_blight
DSC_0_917.jpg,Bacterial_leaf_blight
DSC_0_9181.jpg,Bacterial_leaf_blight
DSC_0_9182.jpg,Bacterial_leaf_blight
DSC_0_9186.jpg,Bacterial_leaf_blight
DSC_0_9189.jpg,Bacterial_leaf_blight
DSC_0_9194.jpg,Bacterial_leaf_blight
DSC_0_9207.jpg,Bacterial_leaf_blight
DSC_0_9208.jpg,Bacterial_leaf_blight
DSC_0_9210.jpg,Bacterial_leaf_blight
DSC_0_9212.jpg,Bacterial_leaf_blight
DSC_0_9213.jpg,Bacterial_leaf_blight
DSC_0_9221.jpg,Bacterial_leaf_blight
DSC_0_9234.jpg,Bacterial_leaf_blight
DSC_0_9278.jpg,Bacterial_leaf_blight
DSC_0_9288.jpg,Bacterial_leaf_blight
DSC_0_9340.jpg,Bacterial_leaf_blight
DSC_0_9346.jpg,Bacterial_leaf_blight
DSC_0_9354.jpg,Bacterial_leaf_blight
DSC_0_9355.jpg,Bacterial_leaf_blight
DSC_0_9363.jpg,Bacterial_leaf_blight
DSC_0_9372.jpg,Bacterial_leaf_blight
DSC_0_9373.jpg,Bacterial_leaf_blight
DSC_0_938.jpg,Bacterial_leaf_blight
DSC_0_9400.jpg,Bacterial_leaf_blight
DSC_0_9423.jpg,Bacterial_leaf_blight
DSC_0_9436.jpg,Bacterial_leaf_blight
DSC_0_944.jpg,Bacterial_leaf_blight
DSC_0_9453.jpg,Bacterial_leaf_blight
DSC_0_9454.jpg,Bacterial_leaf_blight
DSC_0_9461.jpg,Bacterial_leaf_blight
DSC_0_9463.jpg,Bacterial_leaf_blight
DSC_0_948.jpg,Bacterial_leaf_blight
DSC_0_9491.jpg,Bacterial_leaf_blight
DSC_0_9494.jpg,Bacterial_leaf_blight
DSC_0_9499.jpg,Bacterial_leaf_blight
DSC_0_9509.jpg,Bacterial_leaf_blight
DSC_0_9512.jpg,Bacterial_leaf_blight
DSC_0_9521.jpg,Bacterial_leaf_blight
DSC_0_9540.jpg,Bacterial_leaf_blight
DSC_0_9550.jpg,Bacterial_leaf_blight
DSC_0_9561.jpg,Bacterial_leaf_blight
DSC_0_9581.jpg,Bacterial_leaf_blight
DSC_0_9600.jpg,Bacterial_leaf_blight
DSC_0_9607.jpg,Bacterial_leaf_blight
DSC_0_9608.jpg,Bacterial_leaf_blight
DSC_0_9656.jpg,Bacterial_leaf_blight
DSC_0_9657.jpg,Bacterial_leaf_blight
DSC_0_9661.jpg,Bacterial_leaf_blight
DSC_0_967.jpg,Bacterial_leaf_blight
DSC_0_9688.jpg,Bacterial_leaf_blight
DSC_0_9689.jpg,Bacterial_leaf_blight
DSC_0_9700.jpg,Bacterial_leaf_blight
DSC_0_971.jpg,Bacterial_leaf_blight
DSC_0_9711.jpg,Bacterial_leaf_blight
DSC_0_9715.jpg,Bacterial_leaf_blight
DSC_0_9737.jpg,Bacterial_leaf_blight
DSC_0_9738.jpg,Bacterial_leaf_blight
DSC_0_9740.jpg,Bacterial_leaf_blight
DSC_0_9753.jpg,Bacterial_leaf_blight
DSC_0_9759.jpg,Bacterial_leaf_blight
DSC_0_9762.jpg,Bacterial_leaf_blight
DSC_0_9771.jpg,Bacterial_leaf_blight
DSC_0_9778.jpg,Bacterial_leaf_blight
DSC_0_9795.jpg,Bacterial_leaf_blight
DSC_0_98.jpg,Bacterial_leaf_blight
DSC_0_9801.jpg,Bacterial_leaf_blight
DSC_0_9811.jpg,Bacterial_leaf_blight
DSC_0_9818.jpg,Bacterial_leaf_blight
DSC_0_9829.jpg,Bacterial_leaf_blight
DSC_0_9840.jpg,Bacterial_leaf_blight
DSC_0_9845.jpg,Bacterial_leaf_blight
DSC_0_9847.jpg,Bacterial_leaf_blight
DSC_0_9849.jpg,Bacterial_leaf_blight
DSC_0_9873.jpg,Bacterial_leaf_blight
DSC_0_9897.jpg,Bacterial_leaf_blight
DSC_0_9898.jpg,Bacterial_leaf_blight
DSC_0_9905.jpg,Bacterial_leaf_blight
DSC_0_9927.jpg,Bacterial_leaf_blight
DSC_0_9932.jpg,Bacterial_leaf_blight
DSC_0_9950.jpg,Bacterial_leaf_blight
DSC_0_998.jpg,Bacterial_leaf_blight
ESC_0_0.jpg,Brown_spot
ESC_0_1001.jpg,Brown_spot
ESC_0_1007.jpg,Brown_spot
ESC_0_1012.jpg,Brown_spot
ESC_0_1029.jpg,Brown_spot
ESC_0_1036.jpg,Brown_spot
ESC_0_1041.jpg,Brown_spot
ESC_0_1044.jpg,Brown_spot
ESC_0_1051.jpg,Brown_spot
ESC_0_1053.jpg,Brown_spot
ESC_0_1057.jpg,Brown_spot
ESC_0_1061.jpg,Brown_spot
ESC_0_1068.jpg,Brown_spot
ESC_0_1078.jpg,Brown_spot
ESC_0_1098.jpg,Brown_spot
ESC_0_1102.jpg,Brown_spot
ESC_0_1104.jpg,Brown_spot
ESC_0_1108.jpg,Brown_spot
ESC_0_1119.jpg,Brown_spot
ESC_0_1126.jpg,Brown_spot
ESC_0_115.jpg,Brown_spot
ESC_0_116.jpg,Brown_spot
ESC_0_1164.jpg,Brown_spot
ESC_0_1175.jpg,Brown_spot
ESC_0_1180.jpg,Brown_spot
ESC_0_1188.jpg,Brown_spot
ESC_0_1189.jpg,Brown_spot
ESC_0_1207.jpg,Brown_spot
ESC_0_1223.jpg,Brown_spot
ESC_0_1235.jpg,Brown_spot
ESC_0_1238.jpg,Brown_spot
ESC_0_1242.jpg,Brown_spot
ESC_0_1245.jpg,Brown_spot
ESC_0_1246.jpg,Brown_spot
ESC_0_126.jpg,Brown_spot
ESC_0_1265.jpg,Brown_spot
ESC_0_1273.jpg,Brown_spot
ESC_0_1276.jpg,Brown_spot
ESC_0_1291.jpg,Brown_spot
ESC_0_1297.jpg,Brown_spot
ESC_0_130.jpg,Brown_spot
ESC_0_1305.jpg,Brown_spot
ESC_0_1317.jpg,Brown_spot
ESC_0_1326.jpg,Brown_spot
ESC_0_1328.jpg,Brown_spot
ESC_0_1337.jpg,Brown_spot
ESC_0_1357.jpg,Brown_spot
ESC_0_1365.jpg,Brown_spot
ESC_0_1370.jpg,Brown_spot
ESC_0_1377.jpg,Brown_spot
ESC_0_138.jpg,Brown_spot
ESC_0_1382.jpg,Brown_spot
ESC_0_1400.jpg,Brown_spot
ESC_0_1417.jpg,Brown_spot
ESC_0_1423.jpg,Brown_spot
ESC_0_1428.jpg,Brown_spot
ESC_0_1440.jpg,Brown_spot
ESC_0_1453.jpg,Brown_spot
ESC_0_1463.jpg,Brown_spot
ESC_0_1468.jpg,Brown_spot
ESC_0_1476.jpg,Brown_spot
ESC_0_1483.jpg,Brown_spot
ESC_0_1493.jpg,Brown_spot
ESC_0_1498.jpg,Brown_spot
ESC_0_150.jpg,Brown_spot
ESC_0_151.jpg,Brown_spot
ESC_0_1521.jpg,Brown_spot
ESC_0_1527.jpg,Brown_spot
ESC_0_1528.jpg,Brown_spot
ESC_0_1539.jpg,Brown_spot
ESC_0_1542.jpg,Brown_spot
ESC_0_1543.jpg,Brown_spot
ESC_0_155.jpg,Brown_spot
ESC_0_1553.jpg,Brown_spot
ESC_0_1565.jpg,Brown_spot
ESC_0_1567.jpg,Brown_spot
ESC_0_1584.jpg,Brown_spot
ESC_0_159.jpg,Brown_spot
ESC_0_1590.jpg,Brown_spot
ESC_0_1593.jpg,Brown_spot
ESC_0_1597.jpg,Brown_spot
ESC_0_1601.jpg,Brown_spot
ESC_0_161.jpg,Brown_spot
ESC_0_1613.jpg,Brown_spot
ESC_0_1624.jpg,Brown_spot
ESC_0_163.jpg,Brown_spot
ESC_0_1631.jpg,Brown_spot
ESC_0_1637.jpg,Brown_spot
ESC_0_1638.jpg,Brown_spot
ESC_0_1646.jpg,Brown_spot
ESC_0_165.jpg,Brown_spot
ESC_0_1650.jpg,Brown_spot
ESC_0_1657.jpg,Brown_spot
ESC_0_1660.jpg,Brown_spot
ESC_0_168.jpg,Brown_spot
ESC_0_1699.jpg,Brown_spot
ESC_0_1722.jpg,Brown_spot
ESC_0_1738.jpg,Brown_spot
ESC_0_1741.jpg,Brown_spot
ESC_0_1757.jpg,Brown_spot
ESC_0_1769.jpg,Brown_spot
ESC_0_18.jpg,Brown_spot
ESC_0_1833.jpg,Brown_spot
ESC_0_184.jpg,Brown_spot
ESC_0_1842.jpg,Brown_spot
ESC_0_1851.jpg,Brown_spot
ESC_0_1852.jpg,Brown_spot
ESC_0_1857.jpg,Brown_spot
ESC_0_1862.jpg,Brown_spot
ESC_0_1885.jpg,Brown_spot
ESC_0_1887.jpg,Brown_spot
ESC_0_1888.jpg,Brown_spot
ESC_0_1899.jpg,Brown_spot
ESC_0_1914.jpg,Brown_spot
ESC_0_192.jpg,Brown_spot
ESC_0_1927.jpg,Brown_spot
ESC_0_1928.jpg,Brown_spot
ESC_0_1930.jpg,Brown_spot
ESC_0_1938.jpg,Brown_spot
ESC_0_1948.jpg,Brown_spot
ESC_0_1956.jpg,Brown_spot
ESC_0_1973.jpg,Brown_spot
ESC_0_1984.jpg,Brown_spot
ESC_0_1996.jpg,Brown_spot
ESC_0_2000.jpg,Brown_spot
ESC_0_2009.jpg,Brown_spot
ESC_0_2010.jpg,Brown_spot
ESC_0_2013.jpg,Brown_spot
ESC_0_2014.jpg,Brown_spot
ESC_0_2016.jpg,Brown_spot
ESC_0_2026.jpg,Brown_spot
ESC_0_2038.jpg,Brown_spot
ESC_0_2041.jpg,Brown_spot
ESC_0_2052.jpg,Brown_spot
ESC_0_2064.jpg,Brown_spot
ESC_0_2076.jpg,Brown_spot
ESC_0_2080.jpg,Brown_spot
ESC_0_2093.jpg,Brown_spot
ESC_0_2104.jpg,Brown_spot
ESC_0_2113.jpg,Brown_spot
ESC_0_2129.jpg,Brown_spot
ESC_0_2167.jpg,Brown_spot
ESC_0_2185.jpg,Brown_spot
ESC_0_2210.jpg,Brown_spot
ESC_0_2231.jpg,Brown_spot
ESC_0_2237.jpg,Brown_spot
ESC_0_225.jpg,Brown_spot
ESC_0_2254.jpg,Brown_spot
ESC_0_2260.jpg,Brown_spot
ESC_0_2261.jpg,Brown_spot
ESC_0_2267.jpg,Brown_spot
ESC_0_2268.jpg,Brown_spot
ESC_0_2271.jpg,Brown_spot
ESC_0_2274.jpg,Brown_spot
ESC_0_2288.jpg,Brown_spot
ESC_0_229.jpg,Brown_spot
ESC_0_2294.jpg,Brown_spot
ESC_0_2299.jpg,Brown_spot
ESC_0_23.jpg,Brown_spot
ESC_0_230.jpg,Brown_spot
ESC_0_2312.jpg,Brown_spot
ESC_0_2315.jpg,Brown_spot
ESC_0_2324.jpg,Brown_spot
ESC_0_2326.jpg,Brown_spot
ESC_0_2328.jpg,Brown_spot
ESC_0_233.jpg,Brown_spot
ESC_0_2342.jpg,Brown_spot
ESC_0_237.jpg,Brown_spot
ESC_0_2371.jpg,Brown_spot
ESC_0_2372.jpg,Brown_spot
ESC_0_2373.jpg,Brown_spot
ESC_0_2389.jpg,Brown_spot
ESC_0_2399.jpg,Brown_spot
ESC_0_24.jpg,Brown_spot
ESC_0_2402.jpg,Brown_spot
ESC_0_2404.jpg,Brown_spot
ESC_0_2407.jpg,Brown_spot
ESC_0_2419.jpg,Brown_spot
ESC_0_2421.jpg,Brown_spot
ESC_0_2427.jpg,Brown_spot
ESC_0_2443.jpg,Brown_spot
ESC_0_2450.jpg,Brown_spot
ESC_0_2452.jpg,Brown_spot
ESC_0_2459.jpg,Brown_spot
ESC_0_2461.jpg,Brown_spot
ESC_0_2475.jpg,Brown_spot
ESC_0_2479.jpg,Brown_spot
ESC_0_2494.jpg,Brown_spot
ESC_0_2503.jpg,Brown_spot
ESC_0_251.jpg,Brown_spot
ESC_0_2530.jpg,Brown_spot
ESC_0_2533.jpg,Brown_spot
ESC_0_2555.jpg,Brown_spot
ESC_0_2559.jpg,Brown_spot
ESC_0_2582.jpg,Brown_spot
ESC_0_2596.jpg,Brown_spot
ESC_0_2635.jpg,Brown_spot
ESC_0_266.jpg,Brown_spot
ESC_0_2662.jpg,Brown_spot
ESC_0_2670.jpg,Brown_spot
ESC_0_2673.jpg,Brown_spot
ESC_0_2684.jpg,Brown_spot
ESC_0_2686.jpg,Brown_spot
ESC_0_269.jpg,Brown_spot
ESC_0_2692.jpg,Brown_spot
ESC_0_2695.jpg,Brown_spot
ESC_0_2713.jpg,Brown_spot
ESC_0_2753.jpg,Brown_spot
ESC_0_2771.jpg,Brown_spot
ESC_0_2773.jpg,Brown_spot
ESC_0_2774.jpg,Brown_spot
ESC_0_2784.jpg,Brown_spot
ESC_0_2796.jpg,Brown_spot
ESC_0_2797.jpg,Brown_spot
ESC_0_2808.jpg,Brown_spot
ESC_0_281.jpg,Brown_spot
ESC_0_2825.jpg,Brown_spot
ESC_0_2829.jpg,Brown_spot
ESC_0_2830.jpg,Brown_spot
ESC_0_2833.jpg,Brown_spot
ESC_0_2835.jpg,Brown_spot
ESC_0_2837.jpg,Brown_spot
ESC_0_2838.jpg,Brown_spot
ESC_0_2839.jpg,Brown_spot
ESC_0_2844.jpg,Brown_spot
ESC_0_2848.jpg,Brown_spot
ESC_0_285.jpg,Brown_spot
ESC_0_2852.jpg,Brown_spot
ESC_0_2855.jpg,Brown_spot
ESC_0_2880.jpg,Brown_spot
ESC_0_2889.jpg,Brown_spot
ESC_0_2895.jpg,Brown_spot
ESC_0_2898.jpg,Brown_spot
ESC_0_291.jpg,Brown_spot
ESC_0_2922.jpg,Brown_spot
ESC_0_2923.jpg,Brown_spot
ESC_0_2927.jpg,Brown_spot
ESC_0_2950.jpg,Brown_spot
ESC_0_2959.jpg,Brown_spot
ESC_0_2968.jpg,Brown_spot
ESC_0_2977.jpg,Brown_spot
ESC_0_2996.jpg,Brown_spot
ESC_0_2997.jpg,Brown_spot
ESC_0_300.jpg,Brown_spot
ESC_0_3001.jpg,Brown_spot
ESC_0_3015.jpg,Brown_spot
ESC_0_3019.jpg,Brown_spot
ESC_0_3030.jpg,Brown_spot
ESC_0_3035.jpg,Brown_spot
ESC_0_3051.jpg,Brown_spot
ESC_0_3061.jpg,Brown_spot
ESC_0_3062.jpg,Brown_spot
ESC_0_3075.jpg,Brown_spot
ESC_0_3087.jpg,Brown_spot
ESC_0_3090.jpg,Brown_spot
ESC_0_3094.jpg,Brown_spot
ESC_0_3129.jpg,Brown_spot
ESC_0_3139.jpg,Brown_spot
ESC_0_3143.jpg,Brown_spot
ESC_0_3145.jpg,Brown_spot
ESC_0_3151.jpg,Brown_spot
ESC_0_3156.jpg,Brown_spot
ESC_0_3162.jpg,Brown_spot
ESC_0_3164.jpg,Brown_spot
ESC_0_3202.jpg,Brown_spot
ESC_0_3204.jpg,Brown_spot
ESC_0_3209.jpg,Brown_spot
ESC_0_321.jpg,Brown_spot
ESC_0_3221.jpg,Brown_spot
ESC_0_3223.jpg,Brown_spot
ESC_0_3224.jpg,Brown_spot
ESC_0_3225.jpg,Brown_spot
ESC_0_3236.jpg,Brown_spot
ESC_0_3274.jpg,Brown_spot
ESC_0_3279.jpg,Brown_spot
ESC_0_3281.jpg,Brown_spot
ESC_0_3285.jpg,Brown_spot
ESC_0_3286.jpg,Brown_spot
ESC_0_329.jpg,Brown_spot
ESC_0_3295.jpg,Brown_spot
ESC_0_3299.jpg,Brown_spot
ESC_0_3303.jpg,Brown_spot
ESC_0_3306.jpg,Brown_spot
ESC_0_3310.jpg,Brown_spot
ESC_0_3318.jpg,Brown_spot
ESC_0_3320.jpg,Brown_spot
ESC_0_3348.jpg,Brown_spot
ESC_0_3353.jpg,Brown_spot
ESC_0_3372.jpg,Brown_spot
ESC_0_3388.jpg,Brown_spot
ESC_0_34.jpg,Brown_spot
ESC_0_3414.jpg,Brown_spot
ESC_0_3418.jpg,Brown_spot
ESC_0_3424.jpg,Brown_spot
ESC_0_3452.jpg,Brown_spot
ESC_0_3456.jpg,Brown_spot
ESC_0_3466.jpg,Brown_spot
ESC_0_347.jpg,Brown_spot
ESC_0_3474.jpg,Brown_spot
ESC_0_3513.jpg,Brown_spot
ESC_0_3525.jpg,Brown_spot
ESC_0_3539.jpg,Brown_spot
ESC_0_3546.jpg,Brown_spot
ESC_0_3559.jpg,Brown_spot
ESC_0_3569.jpg,Brown_spot
ESC_0_3578.jpg,Brown_spot
ESC_0_3606.jpg,Brown_spot
ESC_0_3625.jpg,Brown_spot
ESC_0_3626.jpg,Brown_spot
ESC_0_3630.jpg,Brown_spot
ESC_0_3652.jpg,Brown_spot
ESC_0_3654.jpg,Brown_spot
ESC_0_3660.jpg,Brown_spot
ESC_0_3662.jpg,Brown_spot
ESC_0_3665.jpg,Brown_spot
ESC_0_3671.jpg,Brown_spot
ESC_0_3673.jpg,Brown_spot
ESC_0_3677.jpg,Brown_spot
ESC_0_3702.jpg,Brown_spot
ESC_0_3709.jpg,Brown_spot
ESC_0_373.jpg,Brown_spot
ESC_0_3735.jpg,Brown_spot
ESC_0_3740.jpg,Brown_spot
ESC_0_3750.jpg,Brown_spot
ESC_0_3769.jpg,Brown_spot
ESC_0_3779.jpg,Brown_spot
ESC_0_3793.jpg,Brown_spot
ESC_0_3799.jpg,Brown_spot
ESC_0_3801.jpg,Brown_spot
ESC_0_3810.jpg,Brown_spot
ESC_0_3819.jpg,Brown_spot
ESC_0_3831.jpg,Brown_spot
ESC_0_3846.jpg,Brown_spot
ESC_0_3906.jpg,Brown_spot
ESC_0_3907.jpg,Brown_spot
ESC_0_3910.jpg,Brown_spot
ESC_0_3923.jpg,Brown_spot
ESC_0_3958.jpg,Brown_spot
ESC_0_3960.jpg,Brown_spot
ESC_0_3983.jpg,Brown_spot
ESC_0_3986.jpg,Brown_spot
ESC_0_4009.jpg,Brown_spot
ESC_0_4019.jpg,Brown_spot
ESC_0_4029.jpg,Brown_spot
ESC_0_4032.jpg,Brown_spot
ESC_0_404.jpg,Brown_spot
ESC_0_4045.jpg,Brown_spot
ESC_0_4046.jpg,Brown_spot
ESC_0_4051.jpg,Brown_spot
ESC_0_4056.jpg,Brown_spot
ESC_0_4057.jpg,Brown_spot
ESC_0_4063.jpg,Brown_spot
ESC_0_4074.jpg,Brown_spot
ESC_0_4096.jpg,Brown_spot
ESC_0_4127.jpg,Brown_spot
ESC_0_4129.jpg,Brown_spot
ESC_0_4136.jpg,Brown_spot
ESC_0_4153.jpg,Brown_spot
ESC_0_4174.jpg,Brown_spot
ESC_0_4185.jpg,Brown_spot
ESC_0_4186.jpg,Brown_spot
ESC_0_4199.jpg,Brown_spot
ESC_0_4203.jpg,Brown_spot
ESC_0_421.jpg,Brown_spot
ESC_0_423.jpg,Brown_spot
ESC_0_4246.jpg,Brown_spot
ESC_0_4277.jpg,Brown_spot
ESC_0_43.jpg,Brown_spot
ESC_0_4307.jpg,Brown_spot
ESC_0_4315.jpg,Brown_spot
ESC_0_4324.jpg,Brown_spot
ESC_0_4329.jpg,Brown_spot
ESC_0_4350.jpg,Brown_spot
ESC_0_4372.jpg,Brown_spot
ESC_0_4379.jpg,Brown_spot
ESC_0_4382.jpg,Brown_spot
ESC_0_4396.jpg,Brown_spot
ESC_0_4398.jpg,Brown_spot
ESC_0_4399.jpg,Brown_spot
ESC_0_4404.jpg,Brown_spot
ESC_0_4407.jpg,Brown_spot
ESC_0_4415.jpg,Brown_spot
ESC_0_4418.jpg,Brown_spot
ESC_0_4419.jpg,Brown_spot
ESC_0_4450.jpg,Brown_spot
ESC_0_4459.jpg,Brown_spot
ESC_0_4473.jpg,Brown_spot
ESC_0_4475.jpg,Brown_spot
ESC_0_4477.jpg,Brown_spot
ESC_0_4501.jpg,Brown_spot
ESC_0_4508.jpg,Brown_spot
ESC_0_4512.jpg,Brown_spot
ESC_0_4513.jpg,Brown_spot
ESC_0_4514.jpg,Brown_spot
ESC_0_4527.jpg,Brown_spot
ESC_0_4533.jpg,Brown_spot
ESC_0_454.jpg,Brown_spot
ESC_0_4541.jpg,Brown_spot
ESC_0_455.jpg,Brown_spot
ESC_0_4551.jpg,Brown_spot
ESC_0_4595.jpg,Brown_spot
ESC_0_4605.jpg,Brown_spot
ESC_0_461.jpg,Brown_spot
ESC_0_4617.jpg,Brown_spot
ESC_0_4632.jpg,Brown_spot
ESC_0_4635.jpg,Brown_spot
ESC_0_4636.jpg,Brown_spot
ESC_0_4654.jpg,Brown_spot
ESC_0_4657.jpg,Brown_spot
ESC_0_4659.jpg,Brown_spot
ESC_0_4667.jpg,Brown_spot
ESC_0_4670.jpg,Brown_spot
ESC_0_4671.jpg,Brown_spot
ESC_0_4672.jpg,Brown_spot
ESC_0_4678.jpg,Brown_spot
ESC_0_4685.jpg,Brown_spot
ESC_0_4697.jpg,Brown_spot
ESC_0_4701.jpg,Brown_spot
ESC_0_4714.jpg,Brown_spot
ESC_0_472.jpg,Brown_spot
ESC_0_4728.jpg,Brown_spot
ESC_0_4741.jpg,Brown_spot
ESC_0_4746.jpg,Brown_spot
ESC_0_4751.jpg,Brown_spot
ESC_0_4768.jpg,Brown_spot
ESC_0_4781.jpg,Brown_spot
ESC_0_4788.jpg,Brown_spot
ESC_0_4792.jpg,Brown_spot
ESC_0_4799.jpg,Brown_spot
ESC_0_4826.jpg,Brown_spot
ESC_0_4869.jpg,Brown_spot
ESC_0_4875.jpg,Brown_spot
ESC_0_4892.jpg,Brown_spot
ESC_0_4893.jpg,Brown_spot
ESC_0_4919.jpg,Brown_spot
ESC_0_4928.jpg,Brown_spot
ESC_0_4929.jpg,Brown_spot
ESC_0_4942.jpg,Brown_spot
ESC_0_4943.jpg,Brown_spot
ESC_0_4953.jpg,Brown_spot
ESC_0_4959.jpg,Brown_spot
ESC_0_4989.jpg,Brown_spot
ESC_0_4991.jpg,Brown_spot
ESC_0_50.jpg,Brown_spot
ESC_0_5008.jpg,Brown_spot
ESC_0_5024.jpg,Brown_spot
ESC_0_503.jpg,Brown_spot
ESC_0_5042.jpg,Brown_spot
ESC_0_5057.jpg,Brown_spot
ESC_0_5059.jpg,Brown_spot
ESC_0_5080.jpg,Brown_spot
ESC_0_5099.jpg,Brown_spot
ESC_0_510.jpg,Brown_spot
ESC_0_5134.jpg,Brown_spot
ESC_0_514.jpg,Brown_spot
ESC_0_5147.jpg,Brown_spot
ESC_0_5157.jpg,Brown_spot
ESC_0_5158.jpg,Brown_spot
ESC_0_5169.jpg,Brown_spot
ESC_0_5173.jpg,Brown_spot
ESC_0_5186.jpg,Brown_spot
ESC_0_5188.jpg,Brown_spot
ESC_0_519.jpg,Brown_spot
ESC_0_5204.jpg,Brown_spot
ESC_0_5208.jpg,Brown_spot
ESC_0_524.jpg,Brown_spot
ESC_0_5254.jpg,Brown_spot
ESC_0_5259.jpg,Brown_spot
ESC_0_528.jpg,Brown_spot
ESC_0_5285.jpg,Brown_spot
ESC_0_5292.jpg,Brown_spot
ESC_0_530.jpg,Brown_spot
ESC_0_5306.jpg,Brown_spot
ESC_0_5330.jpg,Brown_spot
ESC_0_5332.jpg,Brown_spot
ESC_0_5347.jpg,Brown_spot
ESC_0_5348.jpg,Brown_spot
ESC_0_5351.jpg,Brown_spot
ESC_0_5361.jpg,Brown_spot
ESC_0_5362.jpg,Brown_spot
ESC_0_5366.jpg,Brown_spot
ESC_0_5372.jpg,Brown_spot
ESC_0_5374.jpg,Brown_spot
ESC_0_538.jpg,Brown_spot
ESC_0_5381.jpg,Brown_spot
ESC_0_5387.jpg,Brown_spot
ESC_0_5396.jpg,Brown_spot
ESC_0_5403.jpg,Brown_spot
ESC_0_5407.jpg,Brown_spot
ESC_0_5413.jpg,Brown_spot
ESC_0_5421.jpg,Brown_spot
ESC_0_5423.jpg,Brown_spot
ESC_0_5432.jpg,Brown_spot
ESC_0_5436.jpg,Brown_spot
ESC_0_5438.jpg,Brown_spot
ESC_0_5442.jpg,Brown_spot
ESC_0_5493.jpg,Brown_spot
ESC_0_5510.jpg,Brown_spot
ESC_0_5516.jpg,Brown_spot
ESC_0_5524.jpg,Brown_spot
ESC_0_5550.jpg,Brown_spot
ESC_0_5559.jpg,Brown_spot
ESC_0_5560.jpg,Brown_spot
ESC_0_5581.jpg,Brown_spot
ESC_0_5594.jpg,Brown_spot
ESC_0_560.jpg,Brown_spot
ESC_0_5607.jpg,Brown_spot
ESC_0_5614.jpg,Brown_spot
ESC_0_5630.jpg,Brown_spot
ESC_0_565.jpg,Brown_spot
ESC_0_5668.jpg,Brown_spot
ESC_0_5669.jpg,Brown_spot
ESC_0_5674.jpg,Brown_spot
ESC_0_568.jpg,Brown_spot
ESC_0_5694.jpg,Brown_spot
ESC_0_5717.jpg,Brown_spot
ESC_0_5722.jpg,Brown_spot
ESC_0_5723.jpg,Brown_spot
ESC_0_5724.jpg,Brown_spot
ESC_0_575.jpg,Brown_spot
ESC_0_5754.jpg,Brown_spot
ESC_0_576.jpg,Brown_spot
ESC_0_5761.jpg,Brown_spot
ESC_0_5780.jpg,Brown_spot
ESC_0_5784.jpg,Brown_spot
ESC_0_5791.jpg,Brown_spot
ESC_0_580.jpg,Brown_spot
ESC_0_5803.jpg,Brown_spot
ESC_0_5808.jpg,Brown_spot
ESC_0_5818.jpg,Brown_spot
ESC_0_5820.jpg,Brown_spot
ESC_0_5825.jpg,Brown_spot
ESC_0_5827.jpg,Brown_spot
ESC_0_5833.jpg,Brown_spot
ESC_0_5834.jpg,Brown_spot
ESC_0_585.jpg,Brown_spot
ESC_0_5874.jpg,Brown_spot
ESC_0_5878.jpg,Brown_spot
ESC_0_5886.jpg,Brown_spot
ESC_0_5888.jpg,Brown_spot
ESC_0_589.jpg,Brown_spot
ESC_0_5892.jpg,Brown_spot
ESC_0_590.jpg,Brown_spot
ESC_0_5915.jpg,Brown_spot
ESC_0_5919.jpg,Brown_spot
ESC_0_5924.jpg,Brown_spot
ESC_0_5930.jpg,Brown_spot
ESC_0_5936.jpg,Brown_spot
ESC_0_5961.jpg,Brown_spot
ESC_0_5970.jpg,Brown_spot
ESC_0_5976.jpg,Brown_spot
ESC_0_5985.jpg,Brown_spot
ESC_0_5997.jpg,Brown_spot
ESC_0_5998.jpg,Brown_spot
ESC_0_60.jpg,Brown_spot
ESC_0_6002.jpg,Brown_spot
ESC_0_6010.jpg,Brown_spot
ESC_0_6019.jpg,Brown_spot
ESC_0_6049.jpg,Brown_spot
ESC_0_6060.jpg,Brown_spot
ESC_0_6065.jpg,Brown_spot
ESC_0_6086.jpg,Brown_spot
ESC_0_609.jpg,Brown_spot
ESC_0_6095.jpg,Brown_spot
ESC_0_6102.jpg,Brown_spot
ESC_0_6107.jpg,Brown_spot
ESC_0_6118.jpg,Brown_spot
ESC_0_6119.jpg,Brown_spot
ESC_0_6136.jpg,Brown_spot
ESC_0_6137.jpg,Brown_spot
ESC_0_6146.jpg,Brown_spot
ESC_0_6153.jpg,Brown_spot
ESC_0_617.jpg,Brown_spot
ESC_0_6171.jpg,Brown_spot
ESC_0_6175.jpg,Brown_spot
ESC_0_6181.jpg,Brown_spot
ESC_0_6183.jpg,Brown_spot
ESC_0_6192.jpg,Brown_spot
ESC_0_6197.jpg,Brown_spot
ESC_0_6203.jpg,Brown_spot
ESC_0_6219.jpg,Brown_spot
ESC_0_6223.jpg,Brown_spot
ESC_0_623.jpg,Brown_spot
ESC_0_6234.jpg,Brown_spot
ESC_0_6235.jpg,Brown_spot
ESC_0_6245.jpg,Brown_spot
ESC_0_6248.jpg,Brown_spot
ESC_0_625.jpg,Brown_spot
ESC_0_6259.jpg,Brown_spot
ESC_0_6260.jpg,Brown_spot
ESC_0_627.jpg,Brown_spot
ESC_0_6282.jpg,Brown_spot
ESC_0_6306.jpg,Brown_spot
ESC_0_6313.jpg,Brown_spot
ESC_0_6317.jpg,Brown_spot
ESC_0_6325.jpg,Brown_spot
ESC_0_6328.jpg,Brown_spot
ESC_0_6349.jpg,Brown_spot
ESC_0_6353.jpg,Brown_spot
ESC_0_6358.jpg,Brown_spot
ESC_0_6367.jpg,Brown_spot
ESC_0_6386.jpg,Brown_spot
ESC_0_6401.jpg,Brown_spot
ESC_0_642.jpg,Brown_spot
ESC_0_6464.jpg,Brown_spot
ESC_0_6479.jpg,Brown_spot
ESC_0_6490.jpg,Brown_spot
ESC_0_6501.jpg,Brown_spot
ESC_0_6506.jpg,Brown_spot
ESC_0_6514.jpg,Brown_spot
ESC_0_6524.jpg,Brown_spot
ESC_0_6544.jpg,Brown_spot
ESC_0_6556.jpg,Brown_spot
ESC_0_6561.jpg,Brown_spot
ESC_0_6571.jpg,Brown_spot
ESC_0_6579.jpg,Brown_spot
ESC_0_6582.jpg,Brown_spot
ESC_0_6584.jpg,Brown_spot
ESC_0_6587.jpg,Brown_spot
ESC_0_6589.jpg,Brown_spot
ESC_0_6603.jpg,Brown_spot
ESC_0_6607.jpg,Brown_spot
ESC_0_6612.jpg,Brown_spot
ESC_0_6618.jpg,Brown_spot
ESC_0_6619.jpg,Brown_spot
ESC_0_6621.jpg,Brown_spot
ESC_0_6625.jpg,Brown_spot
ESC_0_6630.jpg,Brown_spot
ESC_0_6636.jpg,Brown_spot
ESC_0_6639.jpg,Brown_spot
ESC_0_6642.jpg,Brown_spot
ESC_0_6669.jpg,Brown_spot
ESC_0_6670.jpg,Brown_spot
ESC_0_6679.jpg,Brown_spot
ESC_0_6685.jpg,Brown_spot
ESC_0_6690.jpg,Brown_spot
ESC_0_6694.jpg,Brown_spot
ESC_0_6697.jpg,Brown_spot
ESC_0_6719.jpg,Brown_spot
ESC_0_6724.jpg,Brown_spot
ESC_0_6749.jpg,Brown_spot
ESC_0_6750.jpg,Brown_spot
ESC_0_6763.jpg,Brown_spot
ESC_0_6767.jpg,Brown_spot
ESC_0_6813.jpg,Brown_spot
ESC_0_6846.jpg,Brown_spot
ESC_0_6847.jpg,Brown_spot
ESC_0_6870.jpg,Brown_spot
ESC_0_688.jpg,Brown_spot
ESC_0_6883.jpg,Brown_spot
ESC_0_6898.jpg,Brown_spot
ESC_0_6926.jpg,Brown_spot
ESC_0_6928.jpg,Brown_spot
ESC_0_6934.jpg,Brown_spot
ESC_0_6946.jpg,Brown_spot
ESC_0_6955.jpg,Brown_spot
ESC_0_697.jpg,Brown_spot
ESC_0_6971.jpg,Brown_spot
ESC_0_6980.jpg,Brown_spot
ESC_0_6990.jpg,Brown_spot
ESC_0_6993.jpg,Brown_spot
ESC_0_70.jpg,Brown_spot
ESC_0_7032.jpg,Brown_spot
ESC_0_7055.jpg,Brown_spot
ESC_0_7080.jpg,Brown_spot
ESC_0_7087.jpg,Brown_spot
ESC_0_709.jpg,Brown_spot
ESC_0_71.jpg,Brown_spot
ESC_0_7109.jpg,Brown_spot
ESC_0_713.jpg,Brown_spot
ESC_0_7136.jpg,Brown_spot
ESC_0_7137.jpg,Brown_spot
ESC_0_7139.jpg,Brown_spot
ESC_0_7150.jpg,Brown_spot
ESC_0_7167.jpg,Brown_spot
ESC_0_7177.jpg,Brown_spot
ESC_0_72.jpg,Brown_spot
ESC_0_7221.jpg,Brown_spot
ESC_0_7225.jpg,Brown_spot
ESC_0_7232.jpg,Brown_spot
ESC_0_7239.jpg,Brown_spot
ESC_0_7248.jpg,Brown_spot
ESC_0_7254.jpg,Brown_spot
ESC_0_7258.jpg,Brown_spot
ESC_0_7277.jpg,Brown_spot
ESC_0_7287.jpg,Brown_spot
ESC_0_734.jpg,Brown_spot
ESC_0_7354.jpg,Brown_spot
ESC_0_7366.jpg,Brown_spot
ESC_0_7387.jpg,Brown_spot
ESC_0_7390.jpg,Brown_spot
ESC_0_7394.jpg,Brown_spot
ESC_0_7407.jpg,Brown_spot
ESC_0_7446.jpg,Brown_spot
ESC_0_7451.jpg,Brown_spot
ESC_0_7453.jpg,Brown_spot
ESC_0_7456.jpg,Brown_spot
ESC_0_7464.jpg,Brown_spot
ESC_0_7492.jpg,Brown_spot
ESC_0_7509.jpg,Brown_spot
ESC_0_7512.jpg,Brown_spot
ESC_0_7513.jpg,Brown_spot
ESC_0_7517.jpg,Brown_spot
ESC_0_7521.jpg,Brown_spot
ESC_0_7524.jpg,Brown_spot
ESC_0_7545.jpg,Brown_spot
ESC_0_7549.jpg,Brown_spot
ESC_0_7561.jpg,Brown_spot
ESC_0_757.jpg,Brown_spot
ESC_0_7570.jpg,Brown_spot
ESC_0_7594.jpg,Brown_spot
ESC_0_7605.jpg,Brown_spot
ESC_0_7606.jpg,Brown_spot
ESC_0_7608.jpg,Brown_spot
ESC_0_761.jpg,Brown_spot
ESC_0_7634.jpg,Brown_spot
ESC_0_7639.jpg,Brown_spot
ESC_0_7646.jpg,Brown_spot
ESC_0_7656.jpg,Brown_spot
ESC_0_7669.jpg,Brown_spot
ESC_0_7672.jpg,Brown_spot
ESC_0_7675.jpg,Brown_spot
ESC_0_7687.jpg,Brown_spot
ESC_0_7693.jpg,Brown_spot
ESC_0_7695.jpg,Brown_spot
ESC_0_7708.jpg,Brown_spot
ESC_0_7720.jpg,Brown_spot
ESC_0_7754.jpg,Brown_spot
ESC_0_776.jpg,Brown_spot
ESC_0_7764.jpg,Brown_spot
ESC_0_7767.jpg,Brown_spot
ESC_0_777.jpg,Brown_spot
ESC_0_7770.jpg,Brown_spot
ESC_0_7775.jpg,Brown_spot
ESC_0_7776.jpg,Brown_spot
ESC_0_7784.jpg,Brown_spot
ESC_0_7788.jpg,Brown_spot
ESC_0_7809.jpg,Brown_spot
ESC_0_781.jpg,Brown_spot
ESC_0_7814.jpg,Brown_spot
ESC_0_7830.jpg,Brown_spot
ESC_0_7845.jpg,Brown_spot
ESC_0_7848.jpg,Brown_spot
ESC_0_7852.jpg,Brown_spot
ESC_0_7856.jpg,Brown_spot
ESC_0_7860.jpg,Brown_spot
ESC_0_7862.jpg,Brown_spot
ESC_0_7871.jpg,Brown_spot
ESC_0_7883.jpg,Brown_spot
ESC_0_7909.jpg,Brown_spot
ESC_0_7929.jpg,Brown_spot
ESC_0_7933.jpg,Brown_spot
ESC_0_7955.jpg,Brown_spot
ESC_0_7962.jpg,Brown_spot
ESC_0_7970.jpg,Brown_spot
ESC_0_7984.jpg,Brown_spot
ESC_0_8000.jpg,Brown_spot
ESC_0_8004.jpg,Brown_spot
ESC_0_8007.jpg,Brown_spot
ESC_0_8020.jpg,Brown_spot
ESC_0_8036.jpg,Brown_spot
ESC_0_8049.jpg,Brown_spot
ESC_0_8062.jpg,Brown_spot
ESC_0_8068.jpg,Brown_spot
ESC_0_8073.jpg,Brown_spot
ESC_0_8076.jpg,Brown_spot
ESC_0_8077.jpg,Brown_spot
ESC_0_8084.jpg,Brown_spot
ESC_0_8090.jpg,Brown_spot
ESC_0_8093.jpg,Brown_spot
ESC_0_8096.jpg,Brown_spot
ESC_0_8115.jpg,Brown_spot
ESC_0_813.jpg,Brown_spot
ESC_0_8133.jpg,Brown_spot
ESC_0_8134.jpg,Brown_spot
ESC_0_8149.jpg,Brown_spot
ESC_0_8163.jpg,Brown_spot
ESC_0_8187.jpg,Brown_spot
ESC_0_8191.jpg,Brown_spot
ESC_0_8229.jpg,Brown_spot
ESC_0_8244.jpg,Brown_spot
ESC_0_8253.jpg,Brown_spot
ESC_0_8262.jpg,Brown_spot
ESC_0_8268.jpg,Brown_spot
ESC_0_8274.jpg,Brown_spot
ESC_0_829.jpg,Brown_spot
ESC_0_8293.jpg,Brown_spot
ESC_0_8294.jpg,Brown_spot
ESC_0_8308.jpg,Brown_spot
ESC_0_8312.jpg,Brown_spot
ESC_0_8317.jpg,Brown_spot
ESC_0_8322.jpg,Brown_spot
ESC_0_8336.jpg,Brown_spot
ESC_0_8352.jpg,Brown_spot
ESC_0_8355.jpg,Brown_spot
ESC_0_8359.jpg,Brown_spot
ESC_0_8362.jpg,Brown_spot
ESC_0_841.jpg,Brown_spot
ESC_0_8423.jpg,Brown_spot
ESC_0_8444.jpg,Brown_spot
ESC_0_8454.jpg,Brown_spot
ESC_0_8460.jpg,Brown_spot
ESC_0_8468.jpg,Brown_spot
ESC_0_8476.jpg,Brown_spot
ESC_0_8482.jpg,Brown_spot
ESC_0_8484.jpg,Brown_spot
ESC_0_8486.jpg,Brown_spot
ESC_0_8496.jpg,Brown_spot
ESC_0_8498.jpg,Brown_spot
ESC_0_85.jpg,Brown_spot
ESC_0_851.jpg,Brown_spot
ESC_0_8520.jpg,Brown_spot
ESC_0_8532.jpg,Brown_spot
ESC_0_8535.jpg,Brown_spot
ESC_0_8559.jpg,Brown_spot
ESC_0_8565.jpg,Brown_spot
ESC_0_8577.jpg,Brown_spot
ESC_0_858.jpg,Brown_spot
ESC_0_8581.jpg,Brown_spot
ESC_0_8589.jpg,Brown_spot
ESC_0_8603.jpg,Brown_spot
ESC_0_8615.jpg,Brown_spot
ESC_0_863.jpg,Brown_spot
ESC_0_8631.jpg,Brown_spot
ESC_0_8632.jpg,Brown_spot
ESC_0_8635.jpg,Brown_spot
ESC_0_8657.jpg,Brown_spot
ESC_0_8692.jpg,Brown_spot
ESC_0_8709.jpg,Brown_spot
ESC_0_8720.jpg,Brown_spot
ESC_0_8727.jpg,Brown_spot
ESC_0_8731.jpg,Brown_spot
ESC_0_8733.jpg,Brown_spot
ESC_0_8757.jpg,Brown_spot
ESC_0_8771.jpg,Brown_spot
ESC_0_8793.jpg,Brown_spot
ESC_0_8794.jpg,Brown_spot
ESC_0_8796.jpg,Brown_spot
ESC_0_8811.jpg,Brown_spot
ESC_0_8816.jpg,Brown_spot
ESC_0_8817.jpg,Brown_spot
ESC_0_8819.jpg,Brown_spot
ESC_0_8830.jpg,Brown_spot
ESC_0_8835.jpg,Brown_spot
ESC_0_8837.jpg,Brown_spot
ESC_0_8847.jpg,Brown_spot
ESC_0_885.jpg,Brown_spot
ESC_0_8858.jpg,Brown_spot
ESC_0_8864.jpg,Brown_spot
ESC_0_8873.jpg,Brown_spot
ESC_0_888.jpg,Brown_spot
ESC_0_8905.jpg,Brown_spot
ESC_0_891.jpg,Brown_spot
ESC_0_892.jpg,Brown_spot
ESC_0_8953.jpg,Brown_spot
ESC_0_8960.jpg,Brown_spot
ESC_0_8962.jpg,Brown_spot
ESC_0_8975.jpg,Brown_spot
ESC_0_8982.jpg,Brown_spot
ESC_0_8995.jpg,Brown_spot
ESC_0_9011.jpg,Brown_spot
ESC_0_9020.jpg,Brown_spot
ESC_0_9035.jpg,Brown_spot
ESC_0_9041.jpg,Brown_spot
ESC_0_9042.jpg,Brown_spot
ESC_0_9055.jpg,Brown_spot
ESC_0_9064.jpg,Brown_spot
ESC_0_9076.jpg,Brown_spot
ESC_0_9081.jpg,Brown_spot
ESC_0_910.jpg,Brown_spot
ESC_0_9115.jpg,Brown_spot
ESC_0_9116.jpg,Brown_spot
ESC_0_912.jpg,Brown_spot
ESC_0_9131.jpg,Brown_spot
ESC_0_9135.jpg,Brown_spot
ESC_0_9143.jpg,Brown_spot
ESC_0_9159.jpg,Brown_spot
ESC_0_916.jpg,Brown_spot
ESC_0_9191.jpg,Brown_spot
ESC_0_9193.jpg,Brown_spot
ESC_0_9200.jpg,Brown_spot
ESC_0_9208.jpg,Brown_spot
ESC_0_9211.jpg,Brown_spot
ESC_0_9223.jpg,Brown_spot
ESC_0_9225.jpg,Brown_spot
ESC_0_9252.jpg,Brown_spot
ESC_0_9255.jpg,Brown_spot
ESC_0_9259.jpg,Brown_spot
ESC_0_9263.jpg,Brown_spot
ESC_0_9270.jpg,Brown_spot
ESC_0_9305.jpg,Brown_spot
ESC_0_9313.jpg,Brown_spot
ESC_0_9316.jpg,Brown_spot
ESC_0_932.jpg,Brown_spot
ESC_0_9332.jpg,Brown_spot
ESC_0_9340.jpg,Brown_spot
ESC_0_9351.jpg,Brown_spot
ESC_0_9363.jpg,Brown_spot
ESC_0_9364.jpg,Brown_spot
ESC_0_9366.jpg,Brown_spot
ESC_0_9367.jpg,Brown_spot
ESC_0_9369.jpg,Brown_spot
ESC_0_9377.jpg,Brown_spot
ESC_0_9388.jpg,Brown_spot
ESC_0_939.jpg,Brown_spot
ESC_0_9395.jpg,Brown_spot
ESC_0_9402.jpg,Brown_spot
ESC_0_9415.jpg,Brown_spot
ESC_0_9433.jpg,Brown_spot
ESC_0_9436.jpg,Brown_spot
ESC_0_9440.jpg,Brown_spot
ESC_0_9444.jpg,Brown_spot
ESC_0_9447.jpg,Brown_spot
ESC_0_9453.jpg,Brown_spot
ESC_0_9461.jpg,Brown_spot
ESC_0_9483.jpg,Brown_spot
ESC_0_9487.jpg,Brown_spot
ESC_0_9493.jpg,Brown_spot
ESC_0_9497.jpg,Brown_spot
ESC_0_9505.jpg,Brown_spot
ESC_0_9506.jpg,Brown_spot
ESC_0_9513.jpg,Brown_spot
ESC_0_9517.jpg,Brown_spot
ESC_0_9528.jpg,Brown_spot
ESC_0_9530.jpg,Brown_spot
ESC_0_9532.jpg,Brown_spot
ESC_0_9543.jpg,Brown_spot
ESC_0_9544.jpg,Brown_spot
ESC_0_9548.jpg,Brown_spot
ESC_0_9557.jpg,Brown_spot
ESC_0_9571.jpg,Brown_spot
ESC_0_9576.jpg,Brown_spot
ESC_0_9584.jpg,Brown_spot
ESC_0_9592.jpg,Brown_spot
ESC_0_9601.jpg,Brown_spot
ESC_0_9614.jpg,Brown_spot
ESC_0_9618.jpg,Brown_spot
ESC_0_9637.jpg,Brown_spot
ESC_0_964.jpg,Brown_spot
ESC_0_9642.jpg,Brown_spot
ESC_0_9643.jpg,Brown_spot
ESC_0_9646.jpg,Brown_spot
ESC_0_9657.jpg,Brown_spot
ESC_0_9662.jpg,Brown_spot
ESC_0_9667.jpg,Brown_spot
ESC_0_9670.jpg,Brown_spot
ESC_0_9687.jpg,Brown_spot
ESC_0_9717.jpg,Brown_spot
ESC_0_9722.jpg,Brown_spot
ESC_0_9731.jpg,Brown_spot
ESC_0_9739.jpg,Brown_spot
ESC_0_9746.jpg,Brown_spot
ESC_0_9756.jpg,Brown_spot
ESC_0_9785.jpg,Brown_spot
ESC_0_9809.jpg,Brown_spot
ESC_0_981.jpg,Brown_spot
ESC_0_9812.jpg,Brown_spot
ESC_0_9818.jpg,Brown_spot
ESC_0_9822.jpg,Brown_spot
ESC_0_9823.jpg,Brown_spot
ESC_0_9833.jpg,Brown_spot
ESC_0_9853.jpg,Brown_spot
ESC_0_9859.jpg,Brown_spot
ESC_0_9860.jpg,Brown_spot
ESC_0_9864.jpg,Brown_spot
ESC_0_99.jpg,Brown_spot
ESC_0_9911.jpg,Brown_spot
ESC_0_9912.jpg,Brown_spot
ESC_0_9925.jpg,Brown_spot
ESC_0_9932.jpg,Brown_spot
ESC_0_9947.jpg,Brown_spot
ESC_0_9951.jpg,Brown_spot
ESC_0_9961.jpg,Brown_spot
ESC_0_9962.jpg,Brown_spot
ESC_0_9968.jpg,Brown_spot
ESC_0_9985.jpg,Brown_spot
ESC_0_9989.jpg,Brown_spot
ESC_0_9999.jpg,Brown_spot
ESC_101.jpg,Brown_spot
ESC_102.jpg,Brown_spot
ESC_103.jpg,Brown_spot
ESC_104.jpg,Brown_spot
ESC_106.jpg,Brown_spot
ESC_107.jpg,Brown_spot
ESC_109.jpg,Brown_spot
ESC_111.jpg,Brown_spot
ESC_112.jpg,Brown_spot
ESC_113.jpg,Brown_spot
ESC_114.jpg,Brown_spot
ESC_116.jpg,Brown_spot
ESC_117.jpg,Brown_spot
ESC_118.jpg,Brown_spot
ESC_119.jpg,Brown_spot
ESC_121.JPG,Brown_spot
ESC_123.JPG,Brown_spot
ESC_124.JPG,Brown_spot
ESC_125.JPG,Brown_spot
ESC_127.JPG,Brown_spot
ESC_128.JPG,Brown_spot
ESC_129.JPG,Brown_spot
ESC_131.JPG,Brown_spot
ESC_134.JPG,Brown_spot
ESC_136.JPG,Brown_spot
ESC_138.JPG,Brown_spot
ESC_140.jpg,Brown_spot
FSC_0_1001.jpg,Leaf_smut
FSC_0_101.jpg,Leaf_smut
FSC_0_1024.jpg,Leaf_smut
FSC_0_1030.jpg,Leaf_smut
FSC_0_1043.jpg,Leaf_smut
FSC_0_106.jpg,Leaf_smut
FSC_0_1079.jpg,Leaf_smut
FSC_0_1082.jpg,Leaf_smut
FSC_0_110.jpg,Leaf_smut
FSC_0_1106.jpg,Leaf_smut
FSC_0_111.jpg,Leaf_smut
FSC_0_1111.jpg,Leaf_smut
FSC_0_1119.jpg,Leaf_smut
FSC_0_114.jpg,Leaf_smut
FSC_0_1159.jpg,Leaf_smut
FSC_0_1170.jpg,Leaf_smut
FSC_0_1172.jpg,Leaf_smut
FSC_0_1192.jpg,Leaf_smut
FSC_0_1196.jpg,Leaf_smut
FSC_0_1199.jpg,Leaf_smut
FSC_0_1200.jpg,Leaf_smut
FSC_0_1202.jpg,Leaf_smut
FSC_0_1207.jpg,Leaf_smut
FSC_0_1210.jpg,Leaf_smut
FSC_0_1212.jpg,Leaf_smut
FSC_0_1218.jpg,Leaf_smut
FSC_0_1222.jpg,Leaf_smut
FSC_0_1239.jpg,Leaf_smut
FSC_0_1251.jpg,Leaf_smut
FSC_0_1266.jpg,Leaf_smut
FSC_0_1269.jpg,Leaf_smut
FSC_0_1277.jpg,Leaf_smut
FSC_0_129.jpg,Leaf_smut
FSC_0_1294.jpg,Leaf_smut
FSC_0_132.jpg,Leaf_smut
FSC_0_1328.jpg,Leaf_smut
FSC_0_133.jpg,Leaf_smut
FSC_0_134.jpg,Leaf_smut
FSC_0_1343.jpg,Leaf_smut
FSC_0_1347.jpg,Leaf_smut
FSC_0_1348.jpg,Leaf_smut
FSC_0_1358.jpg,Leaf_smut
FSC_0_1362.jpg,Leaf_smut
FSC_0_1373.jpg,Leaf_smut
FSC_0_1379.jpg,Leaf_smut
FSC_0_1385.jpg,Leaf_smut
FSC_0_1397.jpg,Leaf_smut
FSC_0_1404.jpg,Leaf_smut
FSC_0_1406.jpg,Leaf_smut
FSC_0_1409.jpg,Leaf_smut
FSC_0_1415.jpg,Leaf_smut
FSC_0_1430.jpg,Leaf_smut
FSC_0_1435.jpg,Leaf_smut
FSC_0_1442.jpg,Leaf_smut
FSC_0_1443.jpg,Leaf_smut
FSC_0_1474.jpg,Leaf_smut
FSC_0_1477.jpg,Leaf_smut
FSC_0_1481.jpg,Leaf_smut
FSC_0_1497.jpg,Leaf_smut
FSC_0_1511.jpg,Leaf_smut
FSC_0_1516.jpg,Leaf_smut
FSC_0_1542.jpg,Leaf_smut
FSC_0_1547.jpg,Leaf_smut
FSC_0_1565.jpg,Leaf_smut
FSC_0_1567.jpg,Leaf_smut
FSC_0_157.jpg,Leaf_smut
FSC_0_1571.jpg,Leaf_smut
FSC_0_1573.jpg,Leaf_smut
FSC_0_1575.jpg,Leaf_smut
FSC_0_1580.jpg,Leaf_smut
FSC_0_1582.jpg,Leaf_smut
FSC_0_1583.jpg,Leaf_smut
FSC_0_1587.jpg,Leaf_smut
FSC_0_1592.jpg,Leaf_smut
FSC_0_1599.jpg,Leaf_smut
FSC_0_1613.jpg,Leaf_smut
FSC_0_1616.jpg,Leaf_smut
FSC_0_1630.jpg,Leaf_smut
FSC_0_1662.jpg,Leaf_smut
FSC_0_1664.jpg,Leaf_smut
FSC_0_1671.jpg,Leaf_smut
FSC_0_1680.jpg,Leaf_smut
FSC_0_1685.jpg,Leaf_smut
FSC_0_1688.jpg,Leaf_smut
FSC_0_170.jpg,Leaf_smut
FSC_0_1709.jpg,Leaf_smut
FSC_0_171.jpg,Leaf_smut
FSC_0_1723.jpg,Leaf_smut
FSC_0_1748.jpg,Leaf_smut
FSC_0_1753.jpg,Leaf_smut
FSC_0_176.jpg,Leaf_smut
FSC_0_1766.jpg,Leaf_smut
FSC_0_1776.jpg,Leaf_smut
FSC_0_1777.jpg,Leaf_smut
FSC_0_1779.jpg,Leaf_smut
FSC_0_1785.jpg,Leaf_smut
FSC_0_1796.jpg,Leaf_smut
FSC_0_1799.jpg,Leaf_smut
FSC_0_1800.jpg,Leaf_smut
FSC_0_1813.jpg,Leaf_smut
FSC_0_1839.jpg,Leaf_smut
FSC_0_1853.jpg,Leaf_smut
FSC_0_1867.jpg,Leaf_smut
FSC_0_1874.jpg,Leaf_smut
FSC_0_1887.jpg,Leaf_smut
FSC_0_1902.jpg,Leaf_smut
FSC_0_1903.jpg,Leaf_smut
FSC_0_1905.jpg,Leaf_smut
FSC_0_1912.jpg,Leaf_smut
FSC_0_1955.jpg,Leaf_smut
FSC_0_1959.jpg,Leaf_smut
FSC_0_1993.jpg,Leaf_smut
FSC_0_1998.jpg,Leaf_smut
FSC_0_1999.jpg,Leaf_smut
FSC_0_2000.jpg,Leaf_smut
FSC_0_2003.jpg,Leaf_smut
FSC_0_2008.jpg,Leaf_smut
FSC_0_2012.jpg,Leaf_smut
FSC_0_2020.jpg,Leaf_smut
FSC_0_2024.jpg,Leaf_smut
FSC_0_2026.jpg,Leaf_smut
FSC_0_2028.jpg,Leaf_smut
FSC_0_203.jpg,Leaf_smut
FSC_0_2031.jpg,Leaf_smut
FSC_0_2032.jpg,Leaf_smut
FSC_0_2038.jpg,Leaf_smut
FSC_0_2042.jpg,Leaf_smut
FSC_0_2048.jpg,Leaf_smut
FSC_0_2074.jpg,Leaf_smut
FSC_0_2086.jpg,Leaf_smut
FSC_0_2091.jpg,Leaf_smut
FSC_0_2114.jpg,Leaf_smut
FSC_0_2116.jpg,Leaf_smut
FSC_0_2120.jpg,Leaf_smut
FSC_0_2129.jpg,Leaf_smut
FSC_0_215.jpg,Leaf_smut
FSC_0_2157.jpg,Leaf_smut
FSC_0_2158.jpg,Leaf_smut
FSC_0_2160.jpg,Leaf_smut
FSC_0_2167.jpg,Leaf_smut
FSC_0_2172.jpg,Leaf_smut
FSC_0_2202.jpg,Leaf_smut
FSC_0_2222.jpg,Leaf_smut
FSC_0_2234.jpg,Leaf_smut
FSC_0_2238.jpg,Leaf_smut
FSC_0_2243.jpg,Leaf_smut
FSC_0_2246.jpg,Leaf_smut
FSC_0_2255.jpg,Leaf_smut
FSC_0_2266.jpg,Leaf_smut
FSC_0_2267.jpg,Leaf_smut
FSC_0_2305.jpg,Leaf_smut
FSC_0_2322.jpg,Leaf_smut
FSC_0_2335.jpg,Leaf_smut
FSC_0_2337.jpg,Leaf_smut
FSC_0_2339.jpg,Leaf_smut
FSC_0_2360.jpg,Leaf_smut
FSC_0_2361.jpg,Leaf_smut
FSC_0_2372.jpg,Leaf_smut
FSC_0_2375.jpg,Leaf_smut
FSC_0_2392.jpg,Leaf_smut
FSC_0_2393.jpg,Leaf_smut
FSC_0_2403.jpg,Leaf_smut
FSC_0_2413.jpg,Leaf_smut
FSC_0_2454.jpg,Leaf_smut
FSC_0_246.jpg,Leaf_smut
FSC_0_2464.jpg,Leaf_smut
FSC_0_249.jpg,Leaf_smut
FSC_0_2490.jpg,Leaf_smut
FSC_0_2495.jpg,Leaf_smut
FSC_0_250.jpg,Leaf_smut
FSC_0_2503.jpg,Leaf_smut
FSC_0_2506.jpg,Leaf_smut
FSC_0_2533.jpg,Leaf_smut
FSC_0_254.jpg,Leaf_smut
FSC_0_2548.jpg,Leaf_smut
FSC_0_2567.jpg,Leaf_smut
FSC_0_2590.jpg,Leaf_smut
FSC_0_2612.jpg,Leaf_smut
FSC_0_2620.jpg,Leaf_smut
FSC_0_2653.jpg,Leaf_smut
FSC_0_2663.jpg,Leaf_smut
FSC_0_2678.jpg,Leaf_smut
FSC_0_2680.jpg,Leaf_smut
FSC_0_2681.jpg,Leaf_smut
FSC_0_2687.jpg,Leaf_smut
FSC_0_2695.jpg,Leaf_smut
FSC_0_270.jpg,Leaf_smut
FSC_0_2702.jpg,Leaf_smut
FSC_0_2721.jpg,Leaf_smut
FSC_0_2722.jpg,Leaf_smut
FSC_0_2738.jpg,Leaf_smut
FSC_0_2739.jpg,Leaf_smut
FSC_0_2743.jpg,Leaf_smut
FSC_0_2747.jpg,Leaf_smut
FSC_0_2772.jpg,Leaf_smut
FSC_0_2783.jpg,Leaf_smut
FSC_0_2793.jpg,Leaf_smut
FSC_0_28.jpg,Leaf_smut
FSC_0_2817.jpg,Leaf_smut
FSC_0_2820.jpg,Leaf_smut
FSC_0_2841.jpg,Leaf_smut
FSC_0_2843.jpg,Leaf_smut
FSC_0_2844.jpg,Leaf_smut
FSC_0_286.jpg,Leaf_smut
FSC_0_2869.jpg,Leaf_smut
FSC_0_2874.jpg,Leaf_smut
FSC_0_2879.jpg,Leaf_smut
FSC_0_2911.jpg,Leaf_smut
FSC_0_2919.jpg,Leaf_smut
FSC_0_2924.jpg,Leaf_smut
FSC_0_2969.jpg,Leaf_smut
FSC_0_2970.jpg,Leaf_smut
FSC_0_2984.jpg,Leaf_smut
FSC_0_3008.jpg,Leaf_smut
FSC_0_3026.jpg,Leaf_smut
FSC_0_3031.jpg,Leaf_smut
FSC_0_3034.jpg,Leaf_smut
FSC_0_3037.jpg,Leaf_smut
FSC_0_3058.jpg,Leaf_smut
FSC_0_306.jpg,Leaf_smut
FSC_0_3070.jpg,Leaf_smut
FSC_0_308.jpg,Leaf_smut
FSC_0_3080.jpg,Leaf_smut
FSC_0_3092.jpg,Leaf_smut
FSC_0_3096.jpg,Leaf_smut
FSC_0_3111.jpg,Leaf_smut
FSC_0_3119.jpg,Leaf_smut
FSC_0_3122.jpg,Leaf_smut
FSC_0_3123.jpg,Leaf_smut
FSC_0_3136.jpg,Leaf_smut
FSC_0_3137.jpg,Leaf_smut
FSC_0_3139.jpg,Leaf_smut
FSC_0_3144.jpg,Leaf_smut
FSC_0_3161.jpg,Leaf_smut
FSC_0_3172.jpg,Leaf_smut
FSC_0_3175.jpg,Leaf_smut
FSC_0_3198.jpg,Leaf_smut
FSC_0_320.jpg,Leaf_smut
FSC_0_3203.jpg,Leaf_smut
FSC_0_3213.jpg,Leaf_smut
FSC_0_3225.jpg,Leaf_smut
FSC_0_3236.jpg,Leaf_smut
FSC_0_3238.jpg,Leaf_smut
FSC_0_3242.jpg,Leaf_smut
FSC_0_3262.jpg,Leaf_smut
FSC_0_3268.jpg,Leaf_smut
FSC_0_328.jpg,Leaf_smut
FSC_0_3281.jpg,Leaf_smut
FSC_0_3308.jpg,Leaf_smut
FSC_0_331.jpg,Leaf_smut
FSC_0_3313.jpg,Leaf_smut
FSC_0_3322.jpg,Leaf_smut
FSC_0_3335.jpg,Leaf_smut
FSC_0_3337.jpg,Leaf_smut
FSC_0_334.jpg,Leaf_smut
FSC_0_3349.jpg,Leaf_smut
FSC_0_3356.jpg,Leaf_smut
FSC_0_3382.jpg,Leaf_smut
FSC_0_3388.jpg,Leaf_smut
FSC_0_3405.jpg,Leaf_smut
FSC_0_3406.jpg,Leaf_smut
FSC_0_3415.jpg,Leaf_smut
FSC_0_3425.jpg,Leaf_smut
FSC_0_3435.jpg,Leaf_smut
FSC_0_3439.jpg,Leaf_smut
FSC_0_3440.jpg,Leaf_smut
FSC_0_3445.jpg,Leaf_smut
FSC_0_3478.jpg,Leaf_smut
FSC_0_3500.jpg,Leaf_smut
FSC_0_355.jpg,Leaf_smut
FSC_0_357.jpg,Leaf_smut
FSC_0_3573.jpg,Leaf_smut
FSC_0_358.jpg,Leaf_smut
FSC_0_3585.jpg,Leaf_smut
FSC_0_359.jpg,Leaf_smut
FSC_0_3598.jpg,Leaf_smut
FSC_0_3599.jpg,Leaf_smut
FSC_0_3630.jpg,Leaf_smut
FSC_0_3635.jpg,Leaf_smut
FSC_0_3668.jpg,Leaf_smut
FSC_0_3678.jpg,Leaf_smut
FSC_0_3679.jpg,Leaf_smut
FSC_0_3689.jpg,Leaf_smut
FSC_0_3694.jpg,Leaf_smut
FSC_0_3706.jpg,Leaf_smut
FSC_0_3727.jpg,Leaf_smut
FSC_0_3729.jpg,Leaf_smut
FSC_0_3737.jpg,Leaf_smut
FSC_0_3742.jpg,Leaf_smut
FSC_0_3760.jpg,Leaf_smut
FSC_0_3784.jpg,Leaf_smut
FSC_0_3787.jpg,Leaf_smut
FSC_0_3790.jpg,Leaf_smut
FSC_0_3798.jpg,Leaf_smut
FSC_0_3830.jpg,Leaf_smut
FSC_0_3832.jpg,Leaf_smut
FSC_0_3834.jpg,Leaf_smut
FSC_0_3842.jpg,Leaf_smut
FSC_0_3844.jpg,Leaf_smut
FSC_0_3875.jpg,Leaf_smut
FSC_0_3878.jpg,Leaf_smut
FSC_0_3883.jpg,Leaf_smut
FSC_0_3895.jpg,Leaf_smut
FSC_0_390.jpg,Leaf_smut
FSC_0_3901.jpg,Leaf_smut
FSC_0_3902.jpg,Leaf_smut
FSC_0_3905.jpg,Leaf_smut
FSC_0_3907.jpg,Leaf_smut
FSC_0_3910.jpg,Leaf_smut
FSC_0_3916.jpg,Leaf_smut
FSC_0_395.jpg,Leaf_smut
FSC_0_3956.jpg,Leaf_smut
FSC_0_3964.jpg,Leaf_smut
FSC_0_3979.jpg,Leaf_smut
FSC_0_3985.jpg,Leaf_smut
FSC_0_4000.jpg,Leaf_smut
FSC_0_4049.jpg,Leaf_smut
FSC_0_4054.jpg,Leaf_smut
FSC_0_4073.jpg,Leaf_smut
FSC_0_4076.jpg,Leaf_smut
FSC_0_4079.jpg,Leaf_smut
FSC_0_4087.jpg,Leaf_smut
FSC_0_4106.jpg,Leaf_smut
FSC_0_4121.jpg,Leaf_smut
FSC_0_4125.jpg,Leaf_smut
FSC_0_4128.jpg,Leaf_smut
FSC_0_4129.jpg,Leaf_smut
FSC_0_4134.jpg,Leaf_smut
FSC_0_4157.jpg,Leaf_smut
FSC_0_4168.jpg,Leaf_smut
FSC_0_4175.jpg,Leaf_smut
FSC_0_4186.jpg,Leaf_smut
FSC_0_4191.jpg,Leaf_smut
FSC_0_4220.jpg,Leaf_smut
FSC_0_4225.jpg,Leaf_smut
FSC_0_4241.jpg,Leaf_smut
FSC_0_4244.jpg,Leaf_smut
FSC_0_4286.jpg,Leaf_smut
FSC_0_4289.jpg,Leaf_smut
FSC_0_4299.jpg,Leaf_smut
FSC_0_431.jpg,Leaf_smut
FSC_0_4321.jpg,Leaf_smut
FSC_0_4329.jpg,Leaf_smut
FSC_0_433.jpg,Leaf_smut
FSC_0_4330.jpg,Leaf_smut
FSC_0_4345.jpg,Leaf_smut
FSC_0_4355.jpg,Leaf_smut
FSC_0_4376.jpg,Leaf_smut
FSC_0_4383.jpg,Leaf_smut
FSC_0_4395.jpg,Leaf_smut
FSC_0_4403.jpg,Leaf_smut
FSC_0_4408.jpg,Leaf_smut
FSC_0_4438.jpg,Leaf_smut
FSC_0_4444.jpg,Leaf_smut
FSC_0_4461.jpg,Leaf_smut
FSC_0_4474.jpg,Leaf_smut
FSC_0_4481.jpg,Leaf_smut
FSC_0_4505.jpg,Leaf_smut
FSC_0_4506.jpg,Leaf_smut
FSC_0_4517.jpg,Leaf_smut
FSC_0_454.jpg,Leaf_smut
FSC_0_4547.jpg,Leaf_smut
FSC_0_4564.jpg,Leaf_smut
FSC_0_4575.jpg,Leaf_smut
FSC_0_4581.jpg,Leaf_smut
FSC_0_4584.jpg,Leaf_smut
FSC_0_4590.jpg,Leaf_smut
FSC_0_4594.jpg,Leaf_smut
FSC_0_460.jpg,Leaf_smut
FSC_0_4606.jpg,Leaf_smut
FSC_0_461.jpg,Leaf_smut
FSC_0_4646.jpg,Leaf_smut
FSC_0_4648.jpg,Leaf_smut
FSC_0_4658.jpg,Leaf_smut
FSC_0_466.jpg,Leaf_smut
FSC_0_4665.jpg,Leaf_smut
FSC_0_4667.jpg,Leaf_smut
FSC_0_4680.jpg,Leaf_smut
FSC_0_470.jpg,Leaf_smut
FSC_0_4713.jpg,Leaf_smut
FSC_0_472.jpg,Leaf_smut
FSC_0_4722.jpg,Leaf_smut
FSC_0_4733.jpg,Leaf_smut
FSC_0_4772.jpg,Leaf_smut
FSC_0_4777.jpg,Leaf_smut
FSC_0_478.jpg,Leaf_smut
FSC_0_4796.jpg,Leaf_smut
FSC_0_4802.jpg,Leaf_smut
FSC_0_4805.jpg,Leaf_smut
FSC_0_4832.jpg,Leaf_smut
FSC_0_485.jpg,Leaf_smut
FSC_0_4864.jpg,Leaf_smut
FSC_0_4865.jpg,Leaf_smut
FSC_0_4881.jpg,Leaf_smut
FSC_0_489.jpg,Leaf_smut
FSC_0_4897.jpg,Leaf_smut
FSC_0_4912.jpg,Leaf_smut
FSC_0_4922.jpg,Leaf_smut
FSC_0_4924.jpg,Leaf_smut
FSC_0_4925.jpg,Leaf_smut
FSC_0_4966.jpg,Leaf_smut
FSC_0_4987.jpg,Leaf_smut
FSC_0_500.jpg,Leaf_smut
FSC_0_5010.jpg,Leaf_smut
FSC_0_5015.jpg,Leaf_smut
FSC_0_5017.jpg,Leaf_smut
FSC_0_5057.jpg,Leaf_smut
FSC_0_5086.jpg,Leaf_smut
FSC_0_51.jpg,Leaf_smut
FSC_0_5111.jpg,Leaf_smut
FSC_0_5129.jpg,Leaf_smut
FSC_0_5140.jpg,Leaf_smut
FSC_0_5142.jpg,Leaf_smut
FSC_0_5148.jpg,Leaf_smut
FSC_0_515.jpg,Leaf_smut
FSC_0_5151.jpg,Leaf_smut
FSC_0_5161.jpg,Leaf_smut
FSC_0_5177.jpg,Leaf_smut
FSC_0_5179.jpg,Leaf_smut
FSC_0_5181.jpg,Leaf_smut
FSC_0_5184.jpg,Leaf_smut
FSC_0_5194.jpg,Leaf_smut
FSC_0_5205.jpg,Leaf_smut
FSC_0_522.jpg,Leaf_smut
FSC_0_5226.jpg,Leaf_smut
FSC_0_5242.jpg,Leaf_smut
FSC_0_5272.jpg,Leaf_smut
FSC_0_5314.jpg,Leaf_smut
FSC_0_5315.jpg,Leaf_smut
FSC_0_5316.jpg,Leaf_smut
FSC_0_5318.jpg,Leaf_smut
FSC_0_5323.jpg,Leaf_smut
FSC_0_533.jpg,Leaf_smut
FSC_0_5338.jpg,Leaf_smut
FSC_0_5344.jpg,Leaf_smut
FSC_0_5348.jpg,Leaf_smut
FSC_0_5349.jpg,Leaf_smut
FSC_0_5350.jpg,Leaf_smut
FSC_0_5352.jpg,Leaf_smut
FSC_0_5355.jpg,Leaf_smut
FSC_0_5365.jpg,Leaf_smut
FSC_0_5372.jpg,Leaf_smut
FSC_0_5377.jpg,Leaf_smut
FSC_0_5380.jpg,Leaf_smut
FSC_0_5382.jpg,Leaf_smut
FSC_0_5385.jpg,Leaf_smut
FSC_0_5396.jpg,Leaf_smut
FSC_0_541.jpg,Leaf_smut
FSC_0_542.jpg,Leaf_smut
FSC_0_5442.jpg,Leaf_smut
FSC_0_5457.jpg,Leaf_smut
FSC_0_5459.jpg,Leaf_smut
FSC_0_5474.jpg,Leaf_smut
FSC_0_5478.jpg,Leaf_smut
FSC_0_5506.jpg,Leaf_smut
FSC_0_5518.jpg,Leaf_smut
FSC_0_5527.jpg,Leaf_smut
FSC_0_5532.jpg,Leaf_smut
FSC_0_5538.jpg,Leaf_smut
FSC_0_5546.jpg,Leaf_smut
FSC_0_555.jpg,Leaf_smut
FSC_0_5558.jpg,Leaf_smut
FSC_0_5570.jpg,Leaf_smut
FSC_0_5591.jpg,Leaf_smut
FSC_0_5597.jpg,Leaf_smut
FSC_0_5601.jpg,Leaf_smut
FSC_0_5613.jpg,Leaf_smut
FSC_0_5664.jpg,Leaf_smut
FSC_0_5681.jpg,Leaf_smut
FSC_0_5682.jpg,Leaf_smut
FSC_0_5685.jpg,Leaf_smut
FSC_0_5705.jpg,Leaf_smut
FSC_0_5710.jpg,Leaf_smut
FSC_0_5732.jpg,Leaf_smut
FSC_0_5753.jpg,Leaf_smut
FSC_0_576.jpg,Leaf_smut
FSC_0_5769.jpg,Leaf_smut
FSC_0_5781.jpg,Leaf_smut
FSC_0_5782.jpg,Leaf_smut
FSC_0_5799.jpg,Leaf_smut
FSC_0_5801.jpg,Leaf_smut
FSC_0_5804.jpg,Leaf_smut
FSC_0_5808.jpg,Leaf_smut
FSC_0_581.jpg,Leaf_smut
FSC_0_5814.jpg,Leaf_smut
FSC_0_5821.jpg,Leaf_smut
FSC_0_5850.jpg,Leaf_smut
FSC_0_5852.jpg,Leaf_smut
FSC_0_5863.jpg,Leaf_smut
FSC_0_5865.jpg,Leaf_smut
FSC_0_5867.jpg,Leaf_smut
FSC_0_5876.jpg,Leaf_smut
FSC_0_5885.jpg,Leaf_smut
FSC_0_5903.jpg,Leaf_smut
FSC_0_5909.jpg,Leaf_smut
FSC_0_5914.jpg,Leaf_smut
FSC_0_5924.jpg,Leaf_smut
FSC_0_5928.jpg,Leaf_smut
FSC_0_593.jpg,Leaf_smut
FSC_0_5936.jpg,Leaf_smut
FSC_0_594.jpg,Leaf_smut
FSC_0_5942.jpg,Leaf_smut
FSC_0_5947.jpg,Leaf_smut
FSC_0_5948.jpg,Leaf_smut
FSC_0_5961.jpg,Leaf_smut
FSC_0_5965.jpg,Leaf_smut
FSC_0_5975.jpg,Leaf_smut
FSC_0_5985.jpg,Leaf_smut
FSC_0_5987.jpg,Leaf_smut
FSC_0_5988.jpg,Leaf_smut
FSC_0_5989.jpg,Leaf_smut
FSC_0_5993.jpg,Leaf_smut
FSC_0_6.jpg,Leaf_smut
FSC_0_6006.jpg,Leaf_smut
FSC_0_6016.jpg,Leaf_smut
FSC_0_602.jpg,Leaf_smut
FSC_0_6022.jpg,Leaf_smut
FSC_0_6029.jpg,Leaf_smut
FSC_0_6039.jpg,Leaf_smut
FSC_0_6058.jpg,Leaf_smut
FSC_0_607.jpg,Leaf_smut
FSC_0_6085.jpg,Leaf_smut
FSC_0_6089.jpg,Leaf_smut
FSC_0_6105.jpg,Leaf_smut
FSC_0_6120.jpg,Leaf_smut
FSC_0_6125.jpg,Leaf_smut
FSC_0_6141.jpg,Leaf_smut
FSC_0_6142.jpg,Leaf_smut
FSC_0_615.jpg,Leaf_smut
FSC_0_6153.jpg,Leaf_smut
FSC_0_6181.jpg,Leaf_smut
FSC_0_6208.jpg,Leaf_smut
FSC_0_6215.jpg,Leaf_smut
FSC_0_6228.jpg,Leaf_smut
FSC_0_6246.jpg,Leaf_smut
FSC_0_6247.jpg,Leaf_smut
FSC_0_6249.jpg,Leaf_smut
FSC_0_6265.jpg,Leaf_smut
FSC_0_6277.jpg,Leaf_smut
FSC_0_6285.jpg,Leaf_smut
FSC_0_6289.jpg,Leaf_smut
FSC_0_630.jpg,Leaf_smut
FSC_0_6302.jpg,Leaf_smut
FSC_0_6323.jpg,Leaf_smut
FSC_0_6324.jpg,Leaf_smut
FSC_0_6334.jpg,Leaf_smut
FSC_0_6338.jpg,Leaf_smut
FSC_0_634.jpg,Leaf_smut
FSC_0_6356.jpg,Leaf_smut
FSC_0_6360.jpg,Leaf_smut
FSC_0_637.jpg,Leaf_smut
FSC_0_6382.jpg,Leaf_smut
FSC_0_6414.jpg,Leaf_smut
FSC_0_6425.jpg,Leaf_smut
FSC_0_6428.jpg,Leaf_smut
FSC_0_643.jpg,Leaf_smut
FSC_0_644.jpg,Leaf_smut
FSC_0_6447.jpg,Leaf_smut
FSC_0_6452.jpg,Leaf_smut
FSC_0_6454.jpg,Leaf_smut
FSC_0_6456.jpg,Leaf_smut
FSC_0_6463.jpg,Leaf_smut
FSC_0_6466.jpg,Leaf_smut
FSC_0_647.jpg,Leaf_smut
FSC_0_6471.jpg,Leaf_smut
FSC_0_65.jpg,Leaf_smut
FSC_0_650.jpg,Leaf_smut
FSC_0_6503.jpg,Leaf_smut
FSC_0_6517.jpg,Leaf_smut
FSC_0_6527.jpg,Leaf_smut
FSC_0_654.jpg,Leaf_smut
FSC_0_6544.jpg,Leaf_smut
FSC_0_6547.jpg,Leaf_smut
FSC_0_6549.jpg,Leaf_smut
FSC_0_655.jpg,Leaf_smut
FSC_0_6556.jpg,Leaf_smut
FSC_0_6561.jpg,Leaf_smut
FSC_0_6567.jpg,Leaf_smut
FSC_0_6570.jpg,Leaf_smut
FSC_0_6571.jpg,Leaf_smut
FSC_0_6584.jpg,Leaf_smut
FSC_0_6589.jpg,Leaf_smut
FSC_0_6592.jpg,Leaf_smut
FSC_0_6600.jpg,Leaf_smut
FSC_0_6602.jpg,Leaf_smut
FSC_0_661.jpg,Leaf_smut
FSC_0_6615.jpg,Leaf_smut
FSC_0_6626.jpg,Leaf_smut
FSC_0_664.jpg,Leaf_smut
FSC_0_6672.jpg,Leaf_smut
FSC_0_6683.jpg,Leaf_smut
FSC_0_6710.jpg,Leaf_smut
FSC_0_6712.jpg,Leaf_smut
FSC_0_6716.jpg,Leaf_smut
FSC_0_6729.jpg,Leaf_smut
FSC_0_6737.jpg,Leaf_smut
FSC_0_6740.jpg,Leaf_smut
FSC_0_6758.jpg,Leaf_smut
FSC_0_6760.jpg,Leaf_smut
FSC_0_6783.jpg,Leaf_smut
FSC_0_680.jpg,Leaf_smut
FSC_0_6811.jpg,Leaf_smut
FSC_0_682.jpg,Leaf_smut
FSC_0_6834.jpg,Leaf_smut
FSC_0_6839.jpg,Leaf_smut
FSC_0_6847.jpg,Leaf_smut
FSC_0_6860.jpg,Leaf_smut
FSC_0_6875.jpg,Leaf_smut
FSC_0_689.jpg,Leaf_smut
FSC_0_6892.jpg,Leaf_smut
FSC_0_6905.jpg,Leaf_smut
FSC_0_6915.jpg,Leaf_smut
FSC_0_6916.jpg,Leaf_smut
FSC_0_6925.jpg,Leaf_smut
FSC_0_6942.jpg,Leaf_smut
FSC_0_6972.jpg,Leaf_smut
FSC_0_6978.jpg,Leaf_smut
FSC_0_698.jpg,Leaf_smut
FSC_0_6990.jpg,Leaf_smut
FSC_0_6992.jpg,Leaf_smut
FSC_0_6995.jpg,Leaf_smut
FSC_0_7001.jpg,Leaf_smut
FSC_0_701.jpg,Leaf_smut
FSC_0_7012.jpg,Leaf_smut
FSC_0_7020.jpg,Leaf_smut
FSC_0_7027.jpg,Leaf_smut
FSC_0_7030.jpg,Leaf_smut
FSC_0_7036.jpg,Leaf_smut
FSC_0_7045.jpg,Leaf_smut
FSC_0_7047.jpg,Leaf_smut
FSC_0_705.jpg,Leaf_smut
FSC_0_7057.jpg,Leaf_smut
FSC_0_7084.jpg,Leaf_smut
FSC_0_7086.jpg,Leaf_smut
FSC_0_7106.jpg,Leaf_smut
FSC_0_7112.jpg,Leaf_smut
FSC_0_7127.jpg,Leaf_smut
FSC_0_7128.jpg,Leaf_smut
FSC_0_7144.jpg,Leaf_smut
FSC_0_7152.jpg,Leaf_smut
FSC_0_7166.jpg,Leaf_smut
FSC_0_7181.jpg,Leaf_smut
FSC_0_7186.jpg,Leaf_smut
FSC_0_7187.jpg,Leaf_smut
FSC_0_7193.jpg,Leaf_smut
FSC_0_7213.jpg,Leaf_smut
FSC_0_7219.jpg,Leaf_smut
FSC_0_7222.jpg,Leaf_smut
FSC_0_7245.jpg,Leaf_smut
FSC_0_7246.jpg,Leaf_smut
FSC_0_725.jpg,Leaf_smut
FSC_0_7254.jpg,Leaf_smut
FSC_0_7266.jpg,Leaf_smut
FSC_0_7274.jpg,Leaf_smut
FSC_0_7275.jpg,Leaf_smut
FSC_0_7279.jpg,Leaf_smut
FSC_0_7280.jpg,Leaf_smut
FSC_0_7282.jpg,Leaf_smut
FSC_0_7309.jpg,Leaf_smut
FSC_0_7334.jpg,Leaf_smut
FSC_0_7350.jpg,Leaf_smut
FSC_0_7365.jpg,Leaf_smut
FSC_0_7367.jpg,Leaf_smut
FSC_0_7369.jpg,Leaf_smut
FSC_0_7372.jpg,Leaf_smut
FSC_0_7387.jpg,Leaf_smut
FSC_0_7393.jpg,Leaf_smut
FSC_0_7395.jpg,Leaf_smut
FSC_0_7396.jpg,Leaf_smut
FSC_0_7400.jpg,Leaf_smut
FSC_0_7408.jpg,Leaf_smut
FSC_0_7416.jpg,Leaf_smut
FSC_0_7442.jpg,Leaf_smut
FSC_0_7449.jpg,Leaf_smut
FSC_0_7450.jpg,Leaf_smut
FSC_0_7451.jpg,Leaf_smut
FSC_0_748.jpg,Leaf_smut
FSC_0_7491.jpg,Leaf_smut
FSC_0_7506.jpg,Leaf_smut
FSC_0_7517.jpg,Leaf_smut
FSC_0_7521.jpg,Leaf_smut
FSC_0_7526.jpg,Leaf_smut
FSC_0_7556.jpg,Leaf_smut
FSC_0_7557.jpg,Leaf_smut
FSC_0_7566.jpg,Leaf_smut
FSC_0_7571.jpg,Leaf_smut
FSC_0_7573.jpg,Leaf_smut
FSC_0_7581.jpg,Leaf_smut
FSC_0_7588.jpg,Leaf_smut
FSC_0_7597.jpg,Leaf_smut
FSC_0_761.jpg,Leaf_smut
FSC_0_7612.jpg,Leaf_smut
FSC_0_7613.jpg,Leaf_smut
FSC_0_7624.jpg,Leaf_smut
FSC_0_7627.jpg,Leaf_smut
FSC_0_7631.jpg,Leaf_smut
FSC_0_7636.jpg,Leaf_smut
FSC_0_7639.jpg,Leaf_smut
FSC_0_7641.jpg,Leaf_smut
FSC_0_7642.jpg,Leaf_smut
FSC_0_7660.jpg,Leaf_smut
FSC_0_7669.jpg,Leaf_smut
FSC_0_7683.jpg,Leaf_smut
FSC_0_7691.jpg,Leaf_smut
FSC_0_7692.jpg,Leaf_smut
FSC_0_7698.jpg,Leaf_smut
FSC_0_7719.jpg,Leaf_smut
FSC_0_7734.jpg,Leaf_smut
FSC_0_7736.jpg,Leaf_smut
FSC_0_7737.jpg,Leaf_smut
FSC_0_7743.jpg,Leaf_smut
FSC_0_7789.jpg,Leaf_smut
FSC_0_7790.jpg,Leaf_smut
FSC_0_7804.jpg,Leaf_smut
FSC_0_7812.jpg,Leaf_smut
FSC_0_7815.jpg,Leaf_smut
FSC_0_7825.jpg,Leaf_smut
FSC_0_7837.jpg,Leaf_smut
FSC_0_784.jpg,Leaf_smut
FSC_0_7840.jpg,Leaf_smut
FSC_0_7849.jpg,Leaf_smut
FSC_0_7853.jpg,Leaf_smut
FSC_0_7883.jpg,Leaf_smut
FSC_0_7888.jpg,Leaf_smut
FSC_0_789.jpg,Leaf_smut
FSC_0_7892.jpg,Leaf_smut
FSC_0_7896.jpg,Leaf_smut
FSC_0_7904.jpg,Leaf_smut
FSC_0_7908.jpg,Leaf_smut
FSC_0_7915.jpg,Leaf_smut
FSC_0_7939.jpg,Leaf_smut
FSC_0_7958.jpg,Leaf_smut
FSC_0_796.jpg,Leaf_smut
FSC_0_7967.jpg,Leaf_smut
FSC_0_797.jpg,Leaf_smut
FSC_0_7972.jpg,Leaf_smut
FSC_0_7976.jpg,Leaf_smut
FSC_0_7982.jpg,Leaf_smut
FSC_0_7985.jpg,Leaf_smut
FSC_0_8015.jpg,Leaf_smut
FSC_0_8025.jpg,Leaf_smut
FSC_0_8033.jpg,Leaf_smut
FSC_0_8039.jpg,Leaf_smut
FSC_0_8054.jpg,Leaf_smut
FSC_0_8057.jpg,Leaf_smut
FSC_0_8078.jpg,Leaf_smut
FSC_0_8088.jpg,Leaf_smut
FSC_0_8090.jpg,Leaf_smut
FSC_0_8109.jpg,Leaf_smut
FSC_0_8110.jpg,Leaf_smut
FSC_0_812.jpg,Leaf_smut
FSC_0_8136.jpg,Leaf_smut
FSC_0_8144.jpg,Leaf_smut
FSC_0_8160.jpg,Leaf_smut
FSC_0_8183.jpg,Leaf_smut
FSC_0_8188.jpg,Leaf_smut
FSC_0_819.jpg,Leaf_smut
FSC_0_8195.jpg,Leaf_smut
FSC_0_8196.jpg,Leaf_smut
FSC_0_8210.jpg,Leaf_smut
FSC_0_8230.jpg,Leaf_smut
FSC_0_8237.jpg,Leaf_smut
FSC_0_8248.jpg,Leaf_smut
FSC_0_8251.jpg,Leaf_smut
FSC_0_8252.jpg,Leaf_smut
FSC_0_8257.jpg,Leaf_smut
FSC_0_8263.jpg,Leaf_smut
FSC_0_827.jpg,Leaf_smut
FSC_0_8284.jpg,Leaf_smut
FSC_0_8294.jpg,Leaf_smut
FSC_0_8295.jpg,Leaf_smut
FSC_0_8314.jpg,Leaf_smut
FSC_0_8333.jpg,Leaf_smut
FSC_0_8337.jpg,Leaf_smut
FSC_0_8354.jpg,Leaf_smut
FSC_0_8358.jpg,Leaf_smut
FSC_0_8363.jpg,Leaf_smut
FSC_0_8374.jpg,Leaf_smut
FSC_0_8379.jpg,Leaf_smut
FSC_0_838.jpg,Leaf_smut
FSC_0_8389.jpg,Leaf_smut
FSC_0_8398.jpg,Leaf_smut
FSC_0_8418.jpg,Leaf_smut
FSC_0_8423.jpg,Leaf_smut
FSC_0_8440.jpg,Leaf_smut
FSC_0_8442.jpg,Leaf_smut
FSC_0_8458.jpg,Leaf_smut
FSC_0_8472.jpg,Leaf_smut
FSC_0_8489.jpg,Leaf_smut
FSC_0_8496.jpg,Leaf_smut
FSC_0_851.jpg,Leaf_smut
FSC_0_8510.jpg,Leaf_smut
FSC_0_8518.jpg,Leaf_smut
FSC_0_8523.jpg,Leaf_smut
FSC_0_8525.jpg,Leaf_smut
FSC_0_8532.jpg,Leaf_smut
FSC_0_8539.jpg,Leaf_smut
FSC_0_8543.jpg,Leaf_smut
FSC_0_8553.jpg,Leaf_smut
FSC_0_8568.jpg,Leaf_smut
FSC_0_8577.jpg,Leaf_smut
FSC_0_8598.jpg,Leaf_smut
FSC_0_8621.jpg,Leaf_smut
FSC_0_8631.jpg,Leaf_smut
FSC_0_8666.jpg,Leaf_smut
FSC_0_8706.jpg,Leaf_smut
FSC_0_8719.jpg,Leaf_smut
FSC_0_8725.jpg,Leaf_smut
FSC_0_8728.jpg,Leaf_smut
FSC_0_8730.jpg,Leaf_smut
FSC_0_8734.jpg,Leaf_smut
FSC_0_8746.jpg,Leaf_smut
FSC_0_875.jpg,Leaf_smut
FSC_0_8753.jpg,Leaf_smut
FSC_0_8754.jpg,Leaf_smut
FSC_0_8762.jpg,Leaf_smut
FSC_0_8768.jpg,Leaf_smut
FSC_0_877.jpg,Leaf_smut
FSC_0_8778.jpg,Leaf_smut
FSC_0_8796.jpg,Leaf_smut
FSC_0_8812.jpg,Leaf_smut
FSC_0_8817.jpg,Leaf_smut
FSC_0_8862.jpg,Leaf_smut
FSC_0_8868.jpg,Leaf_smut
FSC_0_8873.jpg,Leaf_smut
FSC_0_8884.jpg,Leaf_smut
FSC_0_8885.jpg,Leaf_smut
FSC_0_8900.jpg,Leaf_smut
FSC_0_891.jpg,Leaf_smut
FSC_0_8910.jpg,Leaf_smut
FSC_0_8913.jpg,Leaf_smut
FSC_0_8916.jpg,Leaf_smut
FSC_0_8935.jpg,Leaf_smut
FSC_0_8939.jpg,Leaf_smut
FSC_0_8947.jpg,Leaf_smut
FSC_0_8948.jpg,Leaf_smut
FSC_0_8957.jpg,Leaf_smut
FSC_0_8963.jpg,Leaf_smut
FSC_0_8973.jpg,Leaf_smut
FSC_0_8974.jpg,Leaf_smut
FSC_0_8978.jpg,Leaf_smut
FSC_0_9009.jpg,Leaf_smut
FSC_0_9015.jpg,Leaf_smut
FSC_0_9033.jpg,Leaf_smut
FSC_0_905.jpg,Leaf_smut
FSC_0_9082.jpg,Leaf_smut
FSC_0_9086.jpg,Leaf_smut
FSC_0_9098.jpg,Leaf_smut
FSC_0_910.jpg,Leaf_smut
FSC_0_9125.jpg,Leaf_smut
FSC_0_9153.jpg,Leaf_smut
FSC_0_9154.jpg,Leaf_smut
FSC_0_9168.jpg,Leaf_smut
FSC_0_9173.jpg,Leaf_smut
FSC_0_9174.jpg,Leaf_smut
FSC_0_9178.jpg,Leaf_smut
FSC_0_9199.jpg,Leaf_smut
FSC_0_9203.jpg,Leaf_smut
FSC_0_9206.jpg,Leaf_smut
FSC_0_9238.jpg,Leaf_smut
FSC_0_9247.jpg,Leaf_smut
FSC_0_9259.jpg,Leaf_smut
FSC_0_9269.jpg,Leaf_smut
FSC_0_9270.jpg,Leaf_smut
FSC_0_9277.jpg,Leaf_smut
FSC_0_9285.jpg,Leaf_smut
FSC_0_9300.jpg,Leaf_smut
FSC_0_9304.jpg,Leaf_smut
FSC_0_9319.jpg,Leaf_smut
FSC_0_932.jpg,Leaf_smut
FSC_0_9337.jpg,Leaf_smut
FSC_0_9338.jpg,Leaf_smut
FSC_0_9344.jpg,Leaf_smut
FSC_0_9345.jpg,Leaf_smut
FSC_0_9355.jpg,Leaf_smut
FSC_0_9364.jpg,Leaf_smut
FSC_0_9366.jpg,Leaf_smut
FSC_0_9369.jpg,Leaf_smut
FSC_0_9371.jpg,Leaf_smut
FSC_0_9378.jpg,Leaf_smut
FSC_0_9389.jpg,Leaf_smut
FSC_0_9410.jpg,Leaf_smut
FSC_0_9435.jpg,Leaf_smut
FSC_0_9440.jpg,Leaf_smut
FSC_0_9447.jpg,Leaf_smut
FSC_0_9455.jpg,Leaf_smut
FSC_0_9457.jpg,Leaf_smut
FSC_0_9497.jpg,Leaf_smut
FSC_0_9498.jpg,Leaf_smut
FSC_0_9504.jpg,Leaf_smut
FSC_0_9530.jpg,Leaf_smut
FSC_0_9570.jpg,Leaf_smut
FSC_0_958.jpg,Leaf_smut
FSC_0_9586.jpg,Leaf_smut
FSC_0_9589.jpg,Leaf_smut
FSC_0_9609.jpg,Leaf_smut
FSC_0_961.jpg,Leaf_smut
FSC_0_9618.jpg,Leaf_smut
FSC_0_9645.jpg,Leaf_smut
FSC_0_9652.jpg,Leaf_smut
FSC_0_9658.jpg,Leaf_smut
FSC_0_9680.jpg,Leaf_smut
FSC_0_9694.jpg,Leaf_smut
FSC_0_9700.jpg,Leaf_smut
FSC_0_9748.jpg,Leaf_smut
FSC_0_9782.jpg,Leaf_smut
FSC_0_9799.jpg,Leaf_smut
FSC_0_9809.jpg,Leaf_smut
FSC_0_9812.jpg,Leaf_smut
FSC_0_9819.jpg,Leaf_smut
FSC_0_982.jpg,Leaf_smut
FSC_0_9825.jpg,Leaf_smut
FSC_0_9826.jpg,Leaf_smut
FSC_0_9827.jpg,Leaf_smut
FSC_0_9832.jpg,Leaf_smut
FSC_0_9833.jpg,Leaf_smut
FSC_0_9844.jpg,Leaf_smut
FSC_0_9847.jpg,Leaf_smut
FSC_0_9848.jpg,Leaf_smut
FSC_0_9850.jpg,Leaf_smut
FSC_0_9873.jpg,Leaf_smut
FSC_0_99.jpg,Leaf_smut
FSC_0_9906.jpg,Leaf_smut
FSC_0_9914.jpg,Leaf_smut
FSC_0_9918.jpg,Leaf_smut
FSC_0_9920.jpg,Leaf_smut
FSC_0_9922.jpg,Leaf_smut
FSC_0_9927.jpg,Leaf_smut
FSC_0_993.jpg,Leaf_smut
FSC_0_9937.jpg,Leaf_smut
FSC_0_9957.jpg,Leaf_smut
FSC_0_9960.jpg,Leaf_smut
FSC_0_9968.jpg,Leaf_smut
FSC_0_9976.jpg,Leaf_smut
FSC_0_9988.jpg,Leaf_smut
FSC_0_9997.jpg,Leaf_smut
FSC_201.JPG,Leaf_smut
FSC_202.JPG,Leaf_smut
FSC_203.JPG,Leaf_smut
FSC_205.JPG,Leaf_smut
FSC_206.JPG,Leaf_smut
FSC_208.jpg,Leaf_smut
FSC_209.JPG,Leaf_smut
FSC_212.JPG,Leaf_smut
FSC_214.JPG,Leaf_smut
FSC_216.jpg,Leaf_smut
FSC_219.jpg,Leaf_smut
FSC_221.JPG,Leaf_smut
FSC_223.JPG,Leaf_smut
FSC_224.jpg,Leaf_smut
FSC_225.jpg,Leaf_smut
FSC_227.jpg,Leaf_smut
FSC_228.jpg,Leaf_smut
FSC_230.jpg,Leaf_smut
FSC_232.jpg,Leaf_smut
FSC_233.jpg,Leaf_smut
FSC_234.jpg,Leaf_smut
FSC_235.jpg,Leaf_smut
FSC_236.jpg,Leaf_smut
FSC_237.jpg,Leaf_smut
FSC_238.jpg,Leaf_smut
FSC_240.jpg,Leaf_smut
